cmun,hospital_name,n_beds,type,management,latitude,longitude
10590,Red De Salud Mental De Araba (Hospital Psiquiátrico De Araba),207,Psychiatric,Autonomous Community,42.8356562870001,-2.67861197099995
10590,Hospital San José,63,Medical-surgical,Private Non-Profit,42.8496614530001,-2.67664049999996
10590,Hospital Quirónsalud Vitoria,26,General,Private Non-Profit,42.84976126,-2.66803516399995
10590,"Hospital De Cuidados San Onofre, S.L. (Hospital De Cuidados San Onofre)",82,Geriatrics and/or long-term care,Private Non-Profit,42.837581582,-2.68038623299998
10318,Hospital De Leza,63,General,Autonomous Community,42.5759894380001,-2.63863544199995
10590,Hospital Universitario De Araba (Sede Txagorritxu Y Sede Santiago),811,General,Social Security,42.8549897730001,-2.69020705599996
20030,Complejo Hospitalario Universitario De Albacete,705,General,Social Security,38.985256377,-1.84655696499993
20030,Hospital General Universitario De Albacete,0,General,Social Security,38.9832550680001,-1.85066961599995
20030,Clínica Santa Cristina Albacete,42,General,Private Non-Profit,38.9897934000001,-1.85770989599996
20371,Hospital De Hellín,135,General,Social Security,38.504304817,-1.68918989199994
20030,Quironsalud Hospital Albacete,65,General,Private Non-Profit,38.985418844,-1.84400678299994
20030,Hospital Universitario Nuestra Señora Del Perpetuo Socorro,0,General,Social Security,38.989561838,-1.87211015199995
20096,Hospital General De Almansa,93,General,Autonomous Community,38.8794026050001,-1.09390853199994
20812,Hospital General De Villarobledo,114,General,Autonomous Community,39.2800841100001,-2.60269739799998
20030,"Centro De Atención A La Salud Mental ""La Milagrosa""",0,Psychiatric,Provincial Council or Island Council,39.0076815960001,-1.88065043699993
30149,Hospital General Universitario De Alicante,794,General,Autonomous Community,38.363363964,-0.48593452199998
30149,Clínica Vistahermosa Grupo Hla,106,General,Private Non-Profit,38.3628653640001,-0.463124377999975
30149,Vithas Hospital Perpetuo Internacional,103,General,Private Non-Profit,38.352893867,-0.476504659999932
30092,Hospital Virgen De Los Lirios,305,General,Autonomous Community,38.7051247730001,-0.465683971999965
30092,Sanatorio San Jorge S.L.,26,General,Private Non-Profit,38.6929737350001,-0.486100178999948
30319,Hospital Clínica Benidorm,166,General,Private Non-Profit,38.5426678680001,-0.127031808999959
30633,Hospital San Carlos De Denia Grupo Hla,31,General,Private Non-Profit,38.8373052420001,0.0934203180000281
30651,Hospital General Universitario De Elche,492,General,Autonomous Community,38.2600928200001,-0.685241062999978
30664,Hospital General Universitario De Elda-Virgen De La Salud,513,General,Autonomous Community,38.4935283360001,-0.805971980999971
31225,Hospital Sant Vicent Del Raspeig,179,Geriatrics and/or long-term care,Autonomous Community,38.403364943,-0.530502672999944
31376,Sanatorio San Francisco De Borja Fontilles,96,Geriatrics and/or long-term care,Other Private Non-Profit,38.771915,-0.136456657999929
31395,Hospital Marina Baixa De La Vila Joiosa,286,General,Autonomous Community,38.5301280640001,-0.198289258999978
30993,Hospital Vega Baja De Orihuela,361,General,Autonomous Community,38.0882077110001,-0.853941504999966
30149,"Hospital Internacional Medimar, S.A.",66,General,Private Non-Profit,38.3714722340001,-0.456596158999957
30149,Hospital Psiquiátrico Penitenciario De Fontcalent,432,Psychiatric,Ministry of Interior,38.3343175000001,-0.602231920999941
31199,Hospital Universitario San Juan De Alicante,396,General,Autonomous Community,38.4062900000001,-0.430915316999972
30263,Centro Médico Acuario,19,General,Private Non-Profit,38.8265884460001,0.0022818520000669
31339,Hospìtal Quironsalud Torrevieja,132,General,Private Non-Profit,37.9963845,-0.68721974999994
30149,Hospital Imed Levante,100,General,Private Non-Profit,38.5424209220001,-0.105182876999947
31339,Hospital Universitario De Torrevieja,269,General,Autonomous Community,37.96333845,-0.715745823999953
30633,Hospital De Denia,266,General,Autonomous Community,38.834226416,0.059298138000031
30633,Hospital La Pedrera,107,Geriatrics and/or long-term care,Autonomous Community,38.8280655520001,0.0962855270000205
30909,Centro De Rehabilitación Neurológica Casaverde,40,Psychophysical rehabilitation,Private Non-Profit,38.4205918150001,-0.469911158999935
30651,Hospital Universitario Vinalopo,214,General,Autonomous Community,38.25534043,-0.716007419999926
30651,Hospital Imed Elche,98,General,Private Non-Profit,38.2872604250001,-0.619072321999965
40139,Hospital Torrecárdenas,0,General,Autonomous Community,36.8625943370001,-2.44117664699996
40139,Hospital De La Cruz Roja,0,General,Autonomous Community,36.8483476700001,-2.45159449699997
40139,Hospital Virgen Del Mar,76,General,Private Non-Profit,36.846256694,-2.44158688699997
40530,Hospital La Inmaculada,184,General,Autonomous Community,37.4010425220001,-1.94182956099996
40139,Hospital Universitario Torrecárdenas,763,General,Autonomous Community,36.862522305,-2.44676488199997
40139,Hospital Mediterráneo,89,General,Private Non-Profit,36.820818758,-2.43622418699994
49026,Hospital De Poniente,273,General,Autonomous Community,36.753204591,-2.80315336199993
40139,Hospital De Alta Resolución El Toyo,44,General,Autonomous Community,36.8507955330001,-2.31270496099995
50198,Hospital Nuestra Señora De Sonsoles,0,General,Social Security,40.6657735160001,-4.66684443499997
50198,Hospital Provincial De Ávila,0,General,Autonomous Community,40.6498453730001,-4.69258059499998
50198,Clínica Santa Teresa,33,General,Private Non-Profit,40.659390253,-4.68613007899995
50198,Complejo Asistencial De Avila,430,General,Public Entities,40.670384359,-4.65236210299997
50163,Hospital De Salud Mental Casta Salud Arévalo,80,Psychiatric,Private Non-Profit,41.0448778470001,-4.71677207999994
60153,Complejo Hospitalario Universitario De Badajoz,915,General,Autonomous Community,38.8815659730001,-7.01404083799997
60153,Hospital Universitario De Badajoz,0,General,Autonomous Community,38.8844827790001,-7.00109820999995
60153,Hospital Materno Infantil,0,Maternal-infant,Autonomous Community,38.8658347890001,-6.97107178199997
60114,"Hospital ""Fundación San Juan De Dios De Extremadura""",105,Geriatrics and/or long-term care,Private Non-Profit (Church),38.6805420000001,-6.40527299999997
60444,Hospital Don Benito-Villanueva De La Serena,0,General,Autonomous Community,38.9637099400001,-5.82715002199996
60747,Hospital General De Llerena,0,General,Social Security,38.2429309440001,-6.01344522999995
60830,Hospital De Mérida,0,General,Autonomous Community,38.912245028,-6.36353299299998
60830,Centro Sociosanitario De Mérida,270,Psychiatric,Autonomous Community,38.9225207170001,-6.30998002999996
61535,Hospital Quirónsalud Santa Justa,29,Surgical,Municipality,38.9733629360001,-5.79537839099993
60153,Hospital Quironsalud Clideba,73,General,Private Non-Profit,38.871242298,-6.99052779699997
61588,Hospital Parque Via De La Plata,9,General,Private Non-Profit,38.42472244,-6.41131180099995
61588,Hospital De Zafra,0,General,Autonomous Community,38.430433522,-6.42190768899997
60747,Complejo Hospitalario Llerena-Zafra,227,General,Autonomous Community,38.2435983080001,-6.01289591399996
60153,Hospital Perpetuo Socorro,0,General,Autonomous Community,38.862686169,-6.97129734699996
61279,Hospital Siberia-Serena,0,General,Autonomous Community,39.03111311,-5.22370053299994
60114,Hospital Tierra De Barros,0,General,Autonomous Community,38.6557946520001,-6.37678293099998
60444,Complejo H. Don Benito-Vva De La Serena,320,General,Autonomous Community,38.9631435920001,-5.82737233199992
60830,Complejo Hospitalario Del Área De Salud De Mérida,381,General,Public Entities,38.912498989,-6.35905260999994
60830,Casaverde. Centro De Rehabilitación Neurológico De Extremadura,100,Psychophysical rehabilitation,Private Non-Profit,38.910846694,-6.37170538399994
60153,Clínica Extremeña De Salud,20,General,Private Non-Profit,38.890250571,-6.99887138699995
60444,Hospital Parque Vegas Altas,21,General,Private Non-Profit,38.963340514,-5.85651091899996
70407,Hospital General De Mallorca,100,Geriatrics and/or long-term care,Provincial Council or Island Council,39.574279549,2.64707371700007
70407,Hospital Psiquiàtric,168,Psychiatric,Provincial Council or Island Council,39.5955697570001,2.62975402500007
70407,Clínica Mutua Balear,40,Traumatology and/or rehabilitation,Matep,39.5751854380001,2.64645796300005
70407,Hospital De La Cruz Roja Española,73,Medical-surgical,Private Non-Profit (Red Cross),39.5882063240001,2.66033500000003
70407,Hospital Sant Joan De Deu,200,Medical-surgical,Private Non-Profit (Church),39.547112616,2.69857244700006
70407,Clínica Rotger,186,General,Private Non-Profit,39.5757506890001,2.64690199100005
70407,Clinica Juaneda,196,General,Private Non-Profit,39.5763787020001,2.62792847600002
70407,Policlínica Miramar,206,General,Private Non-Profit,39.583598678,2.63040238600007
70103,Hospital Joan March,106,Geriatrics and/or long-term care,Autonomous Community,39.6790908450001,2.68859236300005
70260,Hospital Can Misses,245,General,Social Security,38.9165045990001,1.41858425400005
70260,Hospital Residencia Asistida Cas Serres,5,Other purpose,Provincial Council or Island Council,38.9016802350001,1.41240417100005
70260,"Policlínica Nuestra Señora Del Rosario, S.A.",70,General,Private Non-Profit,38.906784676,1.42834415100003
70159,Clínica Juaneda Menorca,41,General,Private Non-Profit,40.0050092970001,3.84159790500007
70393,Hospital General De Muro,85,General,Private Non-Profit,39.809001569,3.10810000000004
70321,Clinica Juaneda Mahon,18,General,Private Non-Profit,39.885291253,4.25629274100004
70337,Hospital Manacor,224,General,Social Security,39.578673241,3.20766748900007
70407,Hospital Son Llatzer,419,General,Social Security,39.57344018,2.70344797500007
70407,Hospital Quirónsalud Palmaplanas,169,General,Private Non-Profit,39.5977609280001,2.64240311100002
70244,Hospital De Formentera,12,General,Autonomous Community,38.7071444600001,1.43492994300004
70276,Hospital Comarcal D'Inca,165,General,Autonomous Community,39.715851582,2.92139715100006
70321,Hospital Mateu Orfila,142,General,Autonomous Community,39.8811165270001,4.25253375800003
70407,Hospital Universitari Son Espases,839,General,Social Security,39.607233159,2.64475505300004
70337,Hospital De Llevant,70,General,Private Non-Profit,39.5414154270001,3.33389411300004
70316,Hospital Clinic Balear,34,General,Private Non-Profit,39.4910224280001,2.73992269800004
70407,Clínica Luz De Palma,38,General,Private Non-Profit,39.5671174570001,2.62426886100008
80193,"Hospital Clínic De Barcelona, Seu Sabino De Arana",130,Maternal-infant,Provincial Council or Island Council,41.385470302,2.12662840300004
80193,Hospital Del Mar.,470,General,Municipality,41.3833545360001,2.19475872400005
80193,Hospital De L'Esperança.,161,General,Municipality,41.4109659390001,2.15434853400006
80193,Hospital Clínic De Barcelona,844,General,Autonomous Community,41.389418117,2.15150438000006
80193,Hospital Fremap Barcelona,62,General,Matep,41.401397074,2.15046879600004
82055,Centre De Prevenció I Rehabilitació Asepeyo,138,General,Social Security,41.491741846,2.07632056200003
80193,Clínica Mc Copèrnic,60,General,Matep,41.4011298300001,2.14118014100006
80193,Clínica Mc Londres,22,General,Matep,41.3892897910001,2.14527532900007
80193,Hospital Egarsat Sant Honorat,14,General,Social Security,41.4122081890001,2.13609127700005
80193,Hospital Dos De Maig,229,General,Private Non-Profit (Red Cross),41.410727707,2.17709880600006
80193,Hospital El Pilar,186,General,Private Non-Profit,41.400491951,2.14852929600005
80193,Hospital Sant Rafael,213,General,Private Non-Profit (Church),41.425661242,2.14243667300002
80193,Clínica Nostra Senyora Del Remei,134,General,Private Non-Profit (Church),41.409541006,2.15929057100004
80193,Clínica Sagrada Família,150,General,Private Non-Profit,41.400656612,2.13479069100003
80193,Hospital Mare De Déu De La Mercè,113,Psychiatric,Private Non-Profit (Church),41.43757808,2.16159396400008
80193,Clínica  Solarium,44,Geriatrics and/or long-term care,Private Non-Profit (Church),41.417287984,2.13810024500003
80193,Hospital De La Santa Creu I Sant Pau,644,General,Other Private Non-Profit,41.415131882,2.17587942700004
80193,Nou Hospital Evangèlic,116,Geriatrics and/or long-term care,Other Private Non-Profit,41.4110174670001,2.15893362600002
80193,Hospital De Nens De Barcelona,18,Pediatric,Other Private Non-Profit,41.3973090420001,2.17392121900002
80155,Institut Guttmann,152,Traumatology and/or rehabilitation,Other Private Non-Profit,41.480006449,2.23954200000003
80193,Fundació Puigvert - Iuna,124,Other specialized,Other Private Non-Profit,41.4124119320001,2.17277744800003
80193,Hestia Palau.,317,Geriatrics and/or long-term care,Private Non-Profit,41.410048085,2.17257820800006
80193,Hospital Universitari Sagrat Cor,367,General,Private Non-Profit,41.3887331,2.14536417100004
80193,Clínica Corachan,162,General,Private Non-Profit,41.39347961,2.13072146500002
80193,Clínica Tres Torres,64,General,Private Non-Profit,41.3991997860001,2.12880084000005
80193,Hospital Quirónsalud Barcelona,192,General,Private Non-Profit,41.4145485000001,2.13752700000003
80193,Centre  Mèdic  Delfos,264,General,Private Non-Profit,41.4141030000001,2.14301040000004
80193,Centre Mèdic Sant Jordi De Sant Andreu,57,General,Private Non-Profit,41.436230154,2.19294166200007
80193,Hospital Plató,168,General,Private Non-Profit,41.4008869140001,2.14256009500002
80193,Hospital Universitari Quirón Dexeus,170,General,Private Non-Profit,41.385281386,2.12607604500005
80193,"Centro Médico Teknon,  Grupo Quironsalud",285,General,Private Non-Profit,41.4054552050001,2.12840858500005
80193,Hospital  De  Barcelona,350,General,Private Non-Profit,41.389393012,2.12990314100006
80193,Centre Hospitalari Policlínica Barcelona,28,General,Private Non-Profit,41.403252552,2.14962291100005
80193,Centre D'Oftalmologia Barraquer,70,Ophthalmologic or ENT,Private Non-Profit,41.3969703000001,2.14584525200007
81017,Hestia Duran I Reynals,428,Geriatrics and/or long-term care,Private Non-Profit,41.349815,2.12593938400005
80193,"Serveis Clínics, S.A.",50,Geriatrics and/or long-term care,Private Non-Profit,41.4124619830001,2.13609010100004
80193,Clínica Coroleu - Ssr Hestia.,74,Psychiatric,Private Non-Profit,41.4329652920001,2.18700268200007
80193,Clínica Planas,26,Surgical,Private Non-Profit,41.3993151830001,2.11561227800007
80155,Hospital Universitari Germans Trias I Pujol De Badalona,516,General,Social Security,41.48129521,2.23781606400007
80155,Hospital Municipal De Badalona,140,General,Municipality,41.4506170160001,2.24588857700007
80155,Centre Sociosanitari El Carme,210,Geriatrics and/or long-term care,Municipality,41.4586066680001,2.23077505500004
80229,Hospital Comarcal De Sant Bernabé,150,General,Public Entities,42.1060333680001,1.85237391300006
80351,Hospital Comarcal Sant Jaume De Calella,233,General,Municipality,41.6186895120001,2.66391125800004
80771,Hospital De Sant Joan De Déu.,401,Maternal-infant,Private Non-Profit (Church),41.38367442,2.10140640500003
80771,Clínica Nostra Senyora De Guadalupe,159,Geriatrics and/or long-term care,Private Non-Profit,41.373078257,2.08362293700003
80961,Hospital General De Granollers.,306,General,Other Private Non-Profit,41.6137096350001,2.29051813500007
81017,Hospital Universitari De Bellvitge,1022,General,Social Security,41.3452961140001,2.10479129700002
81017,Hospital General De L'Hospitalet,89,General,Private Non-Profit (Red Cross),41.3744617090001,2.10651489500003
81022,Fundació Sanitària Sant Josep,145,Geriatrics and/or long-term care,Private Non-Profit,41.5826139390001,1.61911729800005
81120,Hospital  De  Sant  Jaume,90,Geriatrics and/or long-term care,Other Private Non-Profit,42.0013364000001,2.28675692400003
81136,Clínica Sant Josep,95,General,Other Private Non-Profit,41.7227429650001,1.83182895000004
81136,Centre Hospitalari.,309,General,Other Private Non-Profit,41.7351428740001,1.82468379500006
81136,Hospital De Sant Joan De Déu (Manresa),280,General,Other Private Non-Profit,41.720115938,1.83915065600007
81136,Hospital De Sant Andreu,191,Geriatrics and/or long-term care,Other Private Non-Profit,41.725701481,1.82995241900005
81141,Germanes Hospitalàries. Hospital Sagrat Cor,488,Psychiatric,Private Non-Profit (Church),41.4907317620001,1.91287510400002
81141,Fundació Hospital Sant Joan De Déu,112,General,Other Private Non-Profit,41.4720640720001,1.92072562900006
81234,"Centre Mèdic Molins, Sl",177,Geriatrics and/or long-term care,Private Non-Profit (Church),41.41804038,2.01092833300004
81249,Hospital De Mollet,164,General,Autonomous Community,41.543718303,2.20246175900007
81878,Hospital De Sabadell,861,General,Public Entities,41.5533268560001,2.11074609700006
82009,"Benito Menni,Complex Assistencial En Salut Mental.",774,Psychiatric,Private Non-Profit (Church),41.3499151890001,2.03829569300007
82009,Parc Sanitari Sant Joan De Déu - Recinte Sant Boi.,1065,General,Private Non-Profit (Church),41.349976633,2.03818852800003
82009,Parc Sanitari Sant Joan De Déu - Hospital General,246,General,Private Non-Profit (Church),41.3563472160001,2.03052222500003
82021,Hospital De Sant Celoni.,100,General,Other Private Non-Profit,41.6876394860001,2.48632366400005
82055,Hospital Universitari General De Catalunya,286,General,Private Non-Profit,41.4687280090001,2.03665952700004
82191,Casal De Curació,81,Geriatrics and/or long-term care,Other Private Non-Profit,41.501687082,2.38739236500004
82310,Hospital Residència Sant Camil - Consorci Sanitari Del Garraf.,295,General,Private Non-Profit (Church),41.2538499880001,1.76613999400007
82457,Centres Assistencials Dr. Emili Mira I López (Recinte Torribera).,454,Psychiatric,Autonomous Community,41.462396251,2.21333001600004
82457,Fundació Hospital De L'Esperit Sant,177,General,Other Private Non-Profit,41.439224445,2.21079733100004
82798,Hospital De Terrassa.,460,General,Public Entities,41.558555326,2.05520199900008
82798,Hospital De Sant Llàtzer,77,Geriatrics and/or long-term care,Other Private Non-Profit,41.5629585470001,2.01709962400003
82798,Hospital Universitari Mútua De Terrassa,534,General,Other Private Non-Profit,41.5635015220001,2.01659752600006
82981,Hospital  Universitari De Vic,292,General,Public Entities,41.936365939,2.26094360800005
82981,Clínica Sant Josep,21,General,Private Non-Profit (Church),41.9294950830001,2.26113118700005
82981,Hospital De La Santa Creu,127,Geriatrics and/or long-term care,Other Private Non-Profit,41.928397547,2.25213599000006
83015,Hospital De Viladecans,110,General,Social Security,41.3124723110001,2.01397313000007
83073,Hospital Sant Antoni Abat - Consorci Sanitari Del Garraf.,111,Geriatrics and/or long-term care,Other Private Non-Profit,41.228743115,1.72300218400005
80039,Centre Sociosanitari Can Torras,119,Geriatrics and/or long-term care,Other Private Non-Profit,41.484694023,2.29828617900006
81213,Hestia Maresme,125,Geriatrics and/or long-term care,Private Non-Profit,41.5358764050001,2.44422911500004
82009,Prytanis Sant Boi Centre Sociosanitari,122,Geriatrics and/or long-term care,Private Non-Profit,41.348793932,2.04120307000005
82021,Centre Sociosanitari Verge Del Puig,40,Geriatrics and/or long-term care,Other Private Non-Profit,41.6911209990001,2.48585930200005
81976,Residència L'Estada,60,Geriatrics and/or long-term care,Private Non-Profit,41.56797419,2.49229708800004
81751,Residència Puig-Reig,30,Geriatrics and/or long-term care,Other Private Non-Profit,41.9781191820001,1.87948173300003
80333,Residència Santa Susanna,64,Geriatrics and/or long-term care,Other Private Non-Profit,41.6307870000001,2.16401400000007
81213,Hospital De Mataró,402,General,Autonomous Community,41.555597182,2.43030160600006
80193,Hospital Universitari Vall D'Hebron,1315,General,Social Security,41.4276414340001,2.14164638800003
80057,Centre Polivalent Can Fosc,56,Geriatrics and/or long-term care,Autonomous Community,41.6622691260001,2.27332958800002
80193,Hospital Sociosanitari Mutuam Güell,167,Geriatrics and/or long-term care,Private Non-Profit,41.4113206270001,2.15676266200006
80961,"Mútua De Granollers, Mútua De Previsió Social A Prima Fixa",20,General,Private Non-Profit,41.6073015000001,2.28941100000003
83054,Hospital Comarcal De L'Alt Penedès.,144,General,Autonomous Community,41.3564879520001,1.70436918300004
82798,Àptima Centre Clínic - Mútua De Terrassa,70,General,Private Non-Profit,41.5635015220001,2.01659752600006
81017,Institut Català D'Oncologia - Hospital Duran I Reynals,126,Oncological,Autonomous Community,41.344924307,2.11117079800005
81751,Sar Mont Martí,20,Geriatrics and/or long-term care,Private Non-Profit,41.9550525940001,1.87131500000004
80193,Regina Sar,12,Geriatrics and/or long-term care,Private Non-Profit,41.4090521140001,2.14957188100004
82798,Centre Vallparadís,81,Geriatrics and/or long-term care,Other Private Non-Profit,41.5648907280001,2.01660961200002
80095,Ita Maresme,77,Other specialized,Private Non-Profit,41.5489737840001,2.39601855100005
80193,Clínica Llúria,40,Psychiatric,Private Non-Profit,41.3924929,2.15987221900002
81213,Antic Hospital De Sant Jaume I Santa Magdalena,70,Geriatrics and/or long-term care,Public Entities,41.5396972140001,2.44885690200005
80193,Parc Sanitari Sant Joan De Déu - Numància,159,Psychiatric,Other Private Non-Profit,41.3813705050001,2.14125100100006
81017,Prytanis Hospitalet Centre Sociosanitari,104,Geriatrics and/or long-term care,Private Non-Profit,41.3642542000001,2.13003411300002
80076,Comunitat Terapèutica Arenys De Munt,42,Psychiatric,Private Non-Profit,41.620505,2.53148284700006
80193,Hospital Sociosanitari Pere Virgili,366,Geriatrics and/or long-term care,Public Entities,41.415848613,2.14207002600006
80961,Benito Menni Complex Assistencial En Salut Mental,30,Psychiatric,Private Non-Profit (Church),41.613547263,2.29179322600004
80193,Hospital  Sanitas Cima,83,General,Private Non-Profit,41.3910109170001,2.12365918900002
82080,Parc Sanitari Sant Joan De Deu - Brians 1.,150,General,Autonomous Community,41.5034867680001,1.88302869500006
80155,Institut Català D'Oncologia - Hospital Germans Trias I Pujol,36,Oncological,Public Entities,41.478603795,2.22919372500007
80193,Centre Collserola Mutual,34,Geriatrics and/or long-term care,Private Non-Profit,41.4350104810001,2.14706349200003
80734,Centre Sociosanitari Sarquavitae Sant Jordi,51,Geriatrics and/or long-term care,Other Private Non-Profit,41.3581965400001,2.06464944800007
82798,Hospital General Penitenciari,32,General,Autonomous Community,41.556818929,2.05310753900005
81017,Centre Sociosanitari De L'Hospitalet - Consorci Sanitari Integral,123,Geriatrics and/or long-term care,Private Non-Profit (Red Cross),41.373773665,2.10633190000004
80193,Sar La Salut Josep Servat,56,Geriatrics and/or long-term care,Private Non-Profit,41.413709829,2.15716762500006
80193,Clínica Creu Blanca,51,General,Private Non-Profit,41.398264919,2.11825506900004
80193,Hestia Gràcia,153,Geriatrics and/or long-term care,Private Non-Profit,41.4102245760001,2.16214781500003
80771,Centre Sociosanitari D'Esplugues,131,Geriatrics and/or long-term care,Other Private Non-Profit,41.3827458380001,2.08487642000006
83054,Centre Sociosanitari Ricard Fortuny,187,Geriatrics and/or long-term care,Public Entities,41.339919229,1.70516714000007
80193,Centre Residencial Amma Diagonal,5,Geriatrics and/or long-term care,Private Non-Profit,41.403961184,2.19523661300002
80193,Centre Fòrum,223,Geriatrics and/or long-term care,Public Entities,41.4129792680001,2.21812594400006
80193,Centre Sociosanitari Blauclínic Dolors Aleu,174,Geriatrics and/or long-term care,Public Entities,41.4063868150001,2.14810789400002
81249,Parc Sanitari Sant Joan De Déu - Til·Lers,10,Psychiatric,Autonomous Community,41.352989516,2.03386476700007
80193,Clínica Galatea,22,Psychiatric,Private Non-Profit,41.41077848,2.11343932200003
81022,Hospital D'Igualada,280,General,Public Entities,41.588104421,1.61971021900007
83015,Centre Social I Sanitari Frederica Montseny,76,Geriatrics and/or long-term care,Public Entities,41.3216555980001,2.01799699400004
82080,Parc Sanitari Sant Joan De Deu-Serveis Sanitaris Centre Penitenciari Brians-2,152,General,Autonomous Community,41.4829211410001,1.87441500000006
80193,Centre Integral De Serveis En Salut Mental Comunitària,25,Psychiatric,Private Non-Profit,41.4062084070001,2.15577737600006
80193,Centre Sociosanitari Sant Jordi De La Vall D'Hebron,57,Geriatrics and/or long-term care,Other Private Non-Profit,41.4305539000001,2.14476586700005
80193,"Lepant Residencial Qgg, Sl",10,Geriatrics and/or long-term care,Private Non-Profit,41.4113749000001,2.16745930300004
80193,Mapfre Quavitae Barcelona,38,Geriatrics and/or long-term care,Private Non-Profit,41.4100999070001,2.17288571500006
80193,Unitat Polivalent Salut Mental Barcelona-Nord,52,Psychiatric,Private Non-Profit (Church),41.42525291,2.14074683600006
81213,"Cqm Clínic Maresme, Sl",10,General,Private Non-Profit,41.5358764050001,2.44422911500004
81810,Serveis Sanitaris La Roca Del Valles 2,34,General,Autonomous Community,41.5985150000001,2.33607477700002
81878,Clínica Del Vallès,107,General,Private Non-Profit,41.532266178,2.11824141900007
82055,Centre Gerontològic Amma Sant Cugat,4,Geriatrics and/or long-term care,Private Non-Profit,41.4840486310001,2.08544127600004
82188,Serveis Sanitaris Sant Joan De Vilatorrada,56,General,Autonomous Community,41.74519538,1.80985323700003
80193,Centre Sociosanitari Stauros,49,Geriatrics and/or long-term care,Private Non-Profit,41.4406977470001,2.16193712800003
82172,Hospital De Sant Joan Despí Moisès Broggi,328,General,Public Entities,41.3661809750001,2.05232515200004
80193,Amma Horta,5,Geriatrics and/or long-term care,Private Non-Profit,41.434944667,2.14862283100007
81017,Unitat Polivalent Benito Menni En Salut Mental De L'Hospitalet-El Prat De Llobregat,35,Psychiatric,Private Non-Profit (Church),41.3693682430001,2.10531679100006
80193,Ita Maresme,56,Other specialized,Private Non-Profit,41.3970621130001,2.14886336400002
80193,Centre Sociosanitari Del Centre Integral De Salut Cotxeres,209,Geriatrics and/or long-term care,Autonomous Community,41.426419637,2.17632730500003
80193,Clínica Sant Antoni,224,Geriatrics and/or long-term care,Private Non-Profit,41.356076805,2.14325702400004
80771,Clínica Diagonal,98,General,Other Private Non-Profit,41.3788186190001,2.09653111800003
81249,Hospital Sociosanitari De Mollet,109,Geriatrics and/or long-term care,Other Private Non-Profit,41.541136072,2.21139796300002
80193,Centre Sociosanitari Isabel Roig,251,Geriatrics and/or long-term care,Autonomous Community,41.4432523880001,2.19258286300004
82055,Iván Mañero Clínic,17,Surgical,Private Non-Profit,41.4840486310001,2.08544127600004
82055,Institut Trastorn Límit,14,Psychiatric,Private Non-Profit,41.4687280090001,2.03665952700004
80095,Centre D'Hospitalització I Hospital De Dia Trastorns De La Conducta,40,Psychiatric,Private Non-Profit,41.562415,2.39339669400005
80193,Sarquavitae Bonanova,28,Geriatrics and/or long-term care,Private Non-Profit,41.402554407,2.12718543400007
81878,Centre La Creueta,46,Geriatrics and/or long-term care,Private Non-Profit,41.5543250000001,2.12943347600003
80193,Unitat Terapèutica-Educativa Acompanya'M,30,Psychiatric,Private Non-Profit (Church),41.411089045,2.13081199900006
90597,Hospital Fuente Bermeja,0,Psychiatric,Autonomous Community,42.3470106170001,-3.71134270299996
90597,Hospital Recoletas De Burgos,92,General,Private Non-Profit (Red Cross),42.344340048,-3.68387167599997
90597,Hospital San Juan De Dios De Burgos,160,Geriatrics and/or long-term care,Private Non-Profit (Church),42.340327813,-3.71283893499998
90183,Hospital Santos Reyes,123,General,Other Private Non-Profit,41.6692634450001,-3.69085628899995
90183,Hospital Residencia Asistida De La Luz,75,Geriatrics and/or long-term care,Private Non-Profit,41.6620314890001,-3.69489954699998
92194,Hospital Santiago Apóstol,114,General,Social Security,42.66958973,-2.98947537899994
90597,Complejo Asistencial Universitario De Burgos,865,General,Public Entities,42.3593344760001,-3.68757909499993
90597,Hospital Universitario De Burgos,0,General,Other Patrimonial Dependency,42.3593344760001,-3.68757909499993
10037,Hospital San Pedro De Alcántara,0,General,Autonomous Community,39.4655757100001,-6.36826960799993
10037,Hospital Provincial Nuestra Señora De La Montaña,0,General,Autonomous Community,39.4685852870001,-6.37901017799993
10067,Hospital Ciudad De Coria,103,General,Autonomous Community,39.991088001,-6.54212168499993
10131,Hospital Campo Arañuelo,102,General,Autonomous Community,39.8880520290001,-5.56096707299997
10148,Hospital Virgen Del Puerto,250,General,Autonomous Community,40.04942701,-6.08619013399993
10148,Hospital Sociosanitario De Plasencia,330,Psychiatric,Autonomous Community,40.0239950000001,-6.08184980199997
10037,Complejo Hospitalario De Cáceres,520,General,Autonomous Community,39.466614608,-6.36934482599997
10037,Hospital Quirón Salud De Cáceres,35,General,Private Non-Profit,39.4819542710001,-6.36359501599998
10148,Clínica Soquimex,20,General,Private Non-Profit,40.0324218370001,-6.08499297599997
10037,"Clinica Quirúrgica Cacereña, S.A-(Clínica San Francisco)",32,General,Private Non-Profit,39.4688316840001,-6.36881486999994
11012,Hospital Universitario Puerta Del Mar,738,General,Autonomous Community,36.509116303,-6.27786388499993
11012,Clínica La Salud,58,General,Private Non-Profit,36.5320240410001,-6.29584571899994
11012,Hospital San Rafael,280,General,Private Non-Profit,36.5327979360001,-6.30252129399997
11004,Hospital  Punta De Europa,0,General,Autonomous Community,36.106219949,-5.44018066999996
11020,Clínica  Los Álamos,15,General,Private Non-Profit,36.7039492070001,-6.13073367899995
11020,Hospital Universitario De Jerez De La Frontera,498,General,Social Security,36.6913972930001,-6.14980105599994
11020,Hospital San Juan Grande,143,General,Private Non-Profit (Church),36.6914675190001,-6.14877845299998
11022,Hospital  De La Línea De La Concepción,180,General,Autonomous Community,36.1704512530001,-5.34063642299998
11027,Hospital General Santa María Del Puerto,238,General,Private Non-Profit,36.5965943040001,-6.23409792199993
11028,Hospital Universitario De Puerto Real,319,General,Autonomous Community,36.520384542,-6.15145949499993
11041,Hospital Virgen De Las Montañas,108,General,Private Non-Profit,36.860715,-5.64815244599993
11032,Hospital Virgen Del Camino,118,General,Private Non-Profit,36.7575211240001,-6.37057770699994
11020,Hospital Jerez Puerta Del Sur,98,General,Private Non-Profit,36.6687180000001,-6.13626167599995
11015,Hospital Viamed Bahía De Cádiz,46,General,Private Non-Profit,36.420425865,-6.15052497099992
11004,Hospital Punta De Europa,327,General,Autonomous Community,36.1111021040001,-5.44424465599997
11015,Hospital Viamed Novo Sancti Petri,37,General,Private Non-Profit,36.35608,-6.158834
11020,Clínica Serman - Instituto Médico,41,General,Private Non-Profit,36.692941014,-6.12407777499993
11008,Hospital Quirón Campo De Gibraltar,64,General,Private Non-Profit,36.2070002790001,-5.45301999999998
11004,Hospital Punta Europa. Unidad De Cuidados Medios,0,Geriatrics and/or long-term care,Autonomous Community,36.124631843,-5.44274634499993
11031,Hospital San Carlos,0,General,Autonomous Community,36.480014086,-6.19510212199998
11022,Hospital De La Línea De La Concepción,243,General,Autonomous Community,36.1745550000001,-5.35232249999996
12040,Hospital General Universitario De Castellón,580,General,Autonomous Community,40.002715418,-0.0417011379999508
12040,Hospital La Magdalena,128,Geriatrics and/or long-term care,Autonomous Community,40.004385561,-0.0729276129999334
12040,Consorcio Hospitalario Provincial De Castellón,257,General,Provincial Council or Island Council,39.984962189,-0.0447215089999418
12138,Hospital Comarcal De Vinaròs,150,General,Autonomous Community,40.46387528,0.449975624000047
12135,Hospital Universitario De La Plana,258,General,Autonomous Community,39.924448829,-0.0969531039999652
12040,Instituto De Traumatologia De Unión De Mutuas (Matepss Nº 267),28,Traumatology and/or rehabilitation,Matep,39.993031026,-0.0274974349999297
12040,Hospital Rey D. Jaime,96,General,Private Non-Profit,39.997316724,-0.0360727949999387
12003,Servicios Sanitarios Del Centro Penitenciario De Castellón Ii (Albocàsser),64,Other purpose,Ministry of Interior,40.382270657,0.0194300000000567
13034,Servicios Sanitarios Y Asistenciales,85,Psychiatric,Provincial Council or Island Council,38.992214684,-3.93188747099993
13034,Hospital Quirónsalud Ciudad Real,47,General,Private Non-Profit,38.980076522,-3.93883350899995
13005,Hospital General La Mancha Centro,353,General,Social Security,39.396270692,-3.21922991999998
13053,Hospital Virgen De Altagracia,118,General,Social Security,38.999180639,-3.36185082099996
13071,Hospital Santa Bárbara,141,General,Social Security,38.7061820330001,-4.11096335499997
13087,Hospital General De Valdepeñas,103,General,Social Security,38.7709655790001,-3.39231730499995
13034,Hospital General De Ciudad Real,564,General,Autonomous Community,38.9705089390001,-3.93166361099998
13082,Hospital General De Tomelloso,155,General,Autonomous Community,39.174215744,-3.00611070299993
14021,Hospital Universitario Reina Sofía,1233,General,Autonomous Community,37.8684390510001,-4.79716922299997
14021,Hospital Los Morales,0,General,Autonomous Community,37.934222172,-4.80486285599994
14021,Hospital Materno-Infantil Del H.U. Reina Sofía,0,Maternal-infant,Autonomous Community,37.870434844,-4.79057688199993
14021,Hospital Provincial,0,General,Provincial Council or Island Council,37.870434844,-4.79057688199993
14021,Hospital De La Cruz Roja De Córdoba,138,General,Private Non-Profit (Red Cross),37.8811999820001,-4.78504916299994
14021,Hospital San Juan De Dios De Córdoba,189,General,Private Non-Profit (Church),37.908583407,-4.79331456299997
14013,Hospital Infanta Margarita,232,General,Autonomous Community,37.4718048820001,-4.42786364499995
14054,Hospital Valle De Los Pedroches,124,General,Autonomous Community,38.3834919230001,-4.84912575699997
14042,Hospital De Montilla,92,General,Autonomous Community,37.564407696,-4.64810455199995
14021,Hospital La Arruzafa-Instituto De Oftalmología,4,Ophthalmologic or ENT,Private Non-Profit,37.904525613,-4.79311379199993
14056,Hospital De Alta Resolución De Puente Genil,24,General,Autonomous Community,37.399415565,-4.75120554199998
14052,Hospital De Alta Resolución Valle Del Guadiato,17,General,Autonomous Community,38.3085115810001,-5.27080502299998
14021,Hospital General Del H.U. Reina Sofía,0,General,Autonomous Community,37.870434844,-4.79057688199993
14021,Hospital Quironsalud Córdoba,115,General,Private Non-Profit,37.8759682290001,-4.79583051599997
15030,Complexo Hospitalario Universitario A Coruña,1341,General,Public Entities,43.344805879,-8.38626638599993
15030,Hospital Universitario A Coruña,0,General,Public Entities,43.344805879,-8.38626638599993
15030,Hospital Teresa Herrera (Materno-Infantil),0,General,Public Entities,43.3479849300001,-8.38916663599997
15030,Hospital Maritimo De Oza,0,General,Public Entities,43.344151525,-8.38465929799997
15030,Centro Oncoloxico De Galicia,56,Oncological,Other Private Non-Profit,43.3360802970001,-8.38942638599997
15030,Hospital Quironsalud A Coruña,127,General,Private Non-Profit,43.328289059,-8.39978613399995
15030,Hospital San Rafael,120,General,Private Non-Profit,43.3469809490001,-8.38741921399998
15030,Hospital Hm Modelo,0,General,Private Non-Profit,43.3665273030001,-8.41850710299997
15030,Maternidad Hm Belen,0,General,Private Non-Profit,43.365811265,-8.41462194699994
15030,Hospital Abente Y Lago,0,General,Public Entities,43.3684170000001,-8.38893582899993
15036,Complexo Hospitalario Universitario De Ferrol,457,General,Social Security,43.5111455420001,-8.21662865299993
15036,Hospital Universitario Arquitecto Marcide,0,General,Social Security,43.5104621560001,-8.21609768599996
15036,Hospital Juan Cardona,150,General,Other Private Non-Profit,43.4809516,-8.20125780699993
15036,Hospital Naval,0,General,Social Security,43.5155257590001,-8.21907271299995
15078,Complexo Hospitalario Universitario De Santiago,1395,General,Public Entities,42.8703905990001,-8.55957269899994
15078,Hospital Clinico Universitario De Santiago,0,General,Public Entities,42.8703905990001,-8.55957269899994
15078,Hospital Gil Casares,0,General,Public Entities,42.8703905990001,-8.55957269899994
15078,Hospital Medico Cirurxico De Conxo,0,General,Public Entities,42.8618665550001,-8.55215092699996
15078,Hospital Psiquiatrico De Conxo,0,General,Public Entities,42.8613784520001,-8.56010999999995
15078,Hospital Hm Esperanza,0,General,Private Non-Profit,42.8781414320001,-8.55174224899997
15078,Hospital Hm Rosaleda,0,General,Private Non-Profit,42.871892825,-8.54676501899996
15066,Sanatorio La Robleda,96,Psychiatric,Private Non-Profit,42.927515,-8.38251899999995
15073,Hospital Da Barbanza (*),81,General,Public Entities,42.6103900000001,-8.99482144399997
15023,Hospital Virxe Da Xunqueira (*),74,General,Autonomous Community,42.953696618,-9.19138710299995
15030,Hm Modelo (Grupo),146,General,Private Non-Profit,43.3665273030001,-8.41850710299997
15078,Hospital Hm Rosaleda - Hm La Esperanza,119,General,Private Non-Profit,42.871892825,-8.54676501899996
16078,Hospital Virgen De La Luz,388,General,Social Security,40.076017757,-2.14793080999993
16078,Hospital Recoletas Cuenca S.L.U.,30,Medical-surgical,Private Non-Profit,40.067133132,-2.14592281199998
17079,Hospital Universitari De Girona Dr. Josep Trueta,431,General,Social Security,41.997759107,2.82016654900002
17079,Clínica Bofill,47,General,Private Non-Profit,41.97965334,2.82071516200006
17079,Clínica Girona,123,General,Private Non-Profit,41.979030654,2.82073534700004
17079,Clínica Quirúrgica Onyar,38,General,Private Non-Profit,41.9763342890001,2.82508053300006
17015,Clínica Salus Infirmorum,100,Geriatrics and/or long-term care,Private Non-Profit (Church),42.1151229120001,2.76140395200002
17023,Hospital De Sant Jaume,23,Geriatrics and/or long-term care,Other Private Non-Profit,41.6761882600001,2.78752313900003
17036,Hospital De Campdevànol,80,General,Other Private Non-Profit,42.222285979,2.16739513100003
17066,Hospital De Figueres,168,General,Other Private Non-Profit,42.267953065,2.95465395100007
17066,Clínica Santa Creu,35,General,Private Non-Profit,42.262094598,2.96169104600006
17095,Hospital Sociosanitari De Lloret De Mar,63,Geriatrics and/or long-term care,Municipality,41.700903538,2.85325708700003
17114,Hospital D'Olot I Comarcal De La Garrotxa,137,General,Municipality,42.1871168340001,2.46851789600004
17118,Hospital De Palamós,136,General,Other Private Non-Profit,41.8528345350001,3.13101314500005
17155,Hospital Psiquiàtric,593,Psychiatric,Autonomous Community,41.9723323320001,2.79759363900007
17079,Residència De Gent Gran Puig D'En Roca,55,Geriatrics and/or long-term care,Autonomous Community,41.9951615940001,2.81308161600003
17023,Hospital Comarcal De Blanes,121,General,Public Entities,41.682801065,2.80150260300007
17079,Residència Geriàtrica Maria Gay,24,Geriatrics and/or long-term care,Private Non-Profit (Church),41.9829499590001,2.82640743600007
17079,Hospital Sociosanitari Mutuam Girona,90,Geriatrics and/or long-term care,Private Non-Profit,41.993457446,2.81963362000005
17141,Centre Sociosanitari De Puigcerdà,52,Geriatrics and/or long-term care,Other Private Non-Profit,42.438642487,1.94133136500005
17066,Centre Sociosanitari Bernat Jaume,121,Geriatrics and/or long-term care,Other Private Non-Profit,42.267953065,2.95465395100007
17079,Institut Català D'Oncologia Girona - Hospital Josep Trueta,26,Oncological,Public Entities,41.9938555530001,2.81947534400007
17155,Hospital Santa Caterina-Ias,178,General,Autonomous Community,41.970361853,2.79644699700003
17118,Centre Palamós Gent Gran,100,Geriatrics and/or long-term care,Other Private Non-Profit,41.8497108880001,3.12192255000002
17155,Centre Sociosanitari Parc Hospitalari Martí I Julià,120,Geriatrics and/or long-term care,Autonomous Community,41.9723323320001,2.79759363900007
17141,Hospital De Cerdanya / Hôpital De Cerdagne,66,General,Public Entities,42.4399626260001,1.92951540200005
18087,Hospital General Del H.U. Virgen De Las Nieves,0,General,Autonomous Community,37.1897586040001,-3.61251612399997
18087,Hospital De Neurotraumatología Y Rehabilitación,0,General,Autonomous Community,37.180226856,-3.60277473999997
18087,Hospital San Rafael,166,General,Private Non-Profit (Church),37.181043,-3.60271799999992
18087,Hospital De La Inmaculada Concepción,95,Surgical,Private Non-Profit,37.1637439410001,-3.60792395399994
18023,Hospital De Baza,117,General,Autonomous Community,37.5002983580001,-2.75227544499995
18140,Hospital Santa Ana,187,General,Autonomous Community,36.755238541,-3.52044787799997
18087,Hospital Universitario Virgen De Las Nieves,711,General,Autonomous Community,37.1897586040001,-3.61251612399997
18089,Hospital De Alta Resolución De Guadix,50,General,Autonomous Community,37.309870061,-3.14559584599994
18122,Hospital De Alta Resolución De Loja,22,General,Autonomous Community,37.171053247,-4.15470820899998
18087,Hospital Vithas La Salud,77,General,Private Non-Profit,37.1637401560001,-3.57183895899993
18087,Hospital Universitario San Cecilio,543,General,Autonomous Community,37.187785767,-3.60561226899995
18087,Hospital Materno-Infantil Virgen De Las Nieves,0,Maternal-infant,Autonomous Community,37.18839124,-3.60975262699998
19130,Hospital Universitario De Guadalajara,432,General,Social Security,40.6201556990001,-3.15222613399993
19130,Clínica La Antigua,57,General,Private Non-Profit,40.6295010000001,-3.17652299999997
19130,Clínica Dr. Sanz Vázquez,40,General,Private Non-Profit,40.63016521,-3.16471520499994
19326,U.R.R. De Enfermos Psíquicos Alcohete,165,Psychiatric,Autonomous Community,40.52529,-3.08868999999993
19130,Instituto De Enfermedades Neurológicas De Castilla-La Mancha,147,Other specialized,Autonomous Community,40.6414258820001,-3.17254278799993
20069,Mutualia-Clinica Pakea,29,Surgical,Private Non-Profit,43.311553481,-2.01343493599995
20069,Hospital Ricardo Bermingham (Fundación Matia),105,Geriatrics and/or long-term care,Other Private Non-Profit,43.303945663,-2.00122525599994
20069,"Policlínica Gipuzkoa, S.A.",149,General,Private Non-Profit,43.2887882270001,-1.98048508699998
20069,Hospital Quirón Salud Donostia,48,General,Private Non-Profit,43.3152473160001,-1.97380892099994
20069,Fundación Onkologikoa Fundazioa,45,Oncological,Private Non-Profit,43.291404609,-1.97381724099995
20036,Organización Sanitaria Integrada Bidasoa (Osi Bidasoa),101,General,Autonomous Community,43.3421314350001,-1.81477623299998
20055,Organización Sanitaria Integrada Alto Deba,90,General,Autonomous Community,43.0632644980001,-2.48283580999993
20055,Hospital Aita Menni,442,Psychiatric,Private Non-Profit (Church),43.063076494,-2.52971249899997
20055,Hospital Psiquiátrico San Juan De Dios,299,Psychiatric,Private Non-Profit (Church),43.064162115,-2.53104594599995
20071,"Clinica Santa María De La Asunción, (Inviza, S.A.)",120,General,Private Non-Profit,43.137582342,-2.06987108599998
20073,"Sanatorio De Usurbil, S.L.",80,Psychiatric,Private Non-Profit,43.2666478150001,-2.05476622099997
20080,Hospital De Zumarraga,128,General,Autonomous Community,43.0837119240001,-2.31275224299998
20901,Hospital De Mendaro,119,General,Autonomous Community,43.250273066,-2.38525855599994
20069,Hospital Universitario Donostia-Donostia Unibertsitate Ospitalea,1054,General,Autonomous Community,43.2924603160001,-1.96903861099997
20069,Hospital San Juan De Dios Donostia,81,Psychiatric,Private Non-Profit (Church),43.3003484710001,-1.97725049999997
21041,Hospital Infanta Elena,304,General,Autonomous Community,37.280045,-6.912472
21041,Hospital Vázquez Díaz,0,General,Autonomous Community,37.2797304960001,-6.92139593099995
21041,Hospital Blanca Paloma,203,General,Private Non-Profit,37.279975048,-6.93987404099994
21041,Clínica Los Naranjos,25,General,Private Non-Profit,37.2624309220001,-6.94927309099995
21049,Hospital De Riotinto,118,General,Autonomous Community,37.693674104,-6.59782436399996
21041,Hospital Universitario Juan Ramón Jiménez,891,General,Autonomous Community,37.2807571160001,-6.92558683399994
21041,Hospital Juan Ramón Jiménez,0,General,Autonomous Community,37.2799375800001,-6.92666828699993
21041,Hospital Costa De La Luz,56,General,Private Non-Profit,37.2675253890001,-6.95674946799994
21044,Hospital Virgen De La Bella,61,General,Private Non-Profit,37.2591759690001,-7.19423275099996
22125,Hospital General San Jorge,297,General,Social Security,42.13176064,-0.42022762199997
22125,Centro De Rehab. Psicosocial Santo Cristo De Los Milagros,110,Psychiatric,Autonomous Community,42.122253777,-0.380759999999952
22125,Hospital Sagrado Corazón De Jesús,70,Geriatrics and/or long-term care,Autonomous Community,42.1422763480001,-0.40137137499994
22125,Hospital Viamed Santiago,40,General,Private Non-Profit,42.1413459780001,-0.41715215399995
22048,Hospital De Barbastro,172,General,Social Security,42.033198122,0.111056461000032
22130,Hospital De Jaca.Salud,50,General,Public Entities,42.578998664,-0.541864335999946
22112,Centro Sanitario Bajo Cinca-Baix Cinca,20,Other purpose,Autonomous Community,41.524266633,0.340602082000032
23050,Hospital General Del H.U. De Jaén,0,General,Autonomous Community,37.776042836,-3.79378795299994
23050,Hospital Doctor Sagaz,0,General,Autonomous Community,37.7705341670001,-3.81778564899997
23050,Hospital Neurotraumatológico Del H.U. De Jaén,0,Traumatology and/or rehabilitation,Autonomous Community,37.7950325,-3.77797293299994
23050,Clínica Cristo Rey,39,Surgical,Private Non-Profit,37.7755694210001,-3.78904715899995
23055,Hospital San Agustín,204,General,Autonomous Community,38.088685119,-3.64334836199993
23092,Hospital San Juan De La Cruz,231,General,Autonomous Community,38.0193430900001,-3.38512309499993
23050,Hospital Universitario De Jaén,805,General,Autonomous Community,37.7743399940001,-3.79143619199994
23005,Hospital Alto Guadalquivir,67,General,Autonomous Community,38.0404188540001,-4.03085457399993
23050,Hospital Materno-Infantil Del H.U. De Jaén,0,Maternal-infant,Autonomous Community,37.7743399940001,-3.79143619199994
23071,Hospital De Alta Resolución Sierra De Segura,24,General,Autonomous Community,38.3602649800001,-2.78734027999997
23003,Hospital De Alta Resolución De Alcaudete,16,General,Autonomous Community,37.5867839480001,-4.08094005499993
23002,Hospital De Alta Resolución De Alcalá La Real,28,General,Autonomous Community,37.4541530060001,-3.93146189399994
24089,Hospital De León,0,General,Social Security,42.831918538,-5.18802326899993
24089,Hospital Monte San Isidro,0,Geriatrics and/or long-term care,Autonomous Community,42.619170781,-5.57333289299993
24089,Regla Hm Hospitales,130,General,Private Non-Profit (Church),42.600927101,-5.56747734299995
24089,Hospital Hm San Francisco,75,General,Private Non-Profit,42.589989754,-5.57257581799996
24089,Hospital Santa Isabel,0,Psychiatric,Private Non-Profit,42.5766400310001,-5.54354527399994
24115,Hospital El Bierzo,408,General,Social Security,42.5722522460001,-6.64372823999997
24115,Hospital De La Reina,72,General,Other Private Non-Profit,42.5414045690001,-6.59293109899994
24142,Hospital San Juan De Dios,297,General,Private Non-Profit (Church),42.6076739900001,-5.59350251399997
24089,Complejo Asistencial Universitario De León,1056,General,Public Entities,42.619367,-5.573423
24222,Clínica Altollano,110,General,Private Non-Profit,42.6554541090001,-5.56527749999998
24115,Clínica Ponferrada,46,General,Private Non-Profit,42.5491853710001,-6.62881990099993
24202,Hospital Valle De Laciana,15,Geriatrics and/or long-term care,Municipality,42.9409948890001,-6.32432841799994
25120,Hospital Universitari Arnau De Vilanova De Lleida.,463,General,Social Security,41.6267580680001,0.612839466000025
25120,Hospital Santa Maria,229,General,Autonomous Community,41.624369442,0.618079723000051
25120,Vithas Hospital Montserrat,47,General,Private Non-Profit,41.612801679,0.620679275000043
25120,"Clínica Perpetuo Socorro De Lérida, Grupo Hla, Slu",58,General,Private Non-Profit,41.614422109,0.618898631000036
25120,Clínica Terres De Ponent,123,General,Private Non-Profit,41.6220902650001,0.626497125000071
25120,Clínica Psiquiàtrica Bellavista,75,Psychiatric,Private Non-Profit,41.6268791030001,0.607974469000055
25203,Fundació Sant Hospital.,88,General,Other Private Non-Profit,42.3548538270001,1.46071322200004
25207,"Centre Sanitari Del Solsonès, Fpc",32,Geriatrics and/or long-term care,Public Entities,41.993281494,1.51615207200007
25234,Hospital Comarcal Del Pallars,63,General,Autonomous Community,42.1644784320001,0.897364985000024
25243,Espitau Val D'Aran,31,General,Autonomous Community,42.702210344,0.797402431000023
25040,Hestia Balaguer.,120,Geriatrics and/or long-term care,Private Non-Profit,41.7889118690001,0.816425695000021
25023,Residència Terraferma,137,Geriatrics and/or long-term care,Private Non-Profit,41.664705,0.55171656400006
25149,"Castell D'Oliana Residencial,S.L",20,Psychiatric,Private Non-Profit,42.0707526190001,1.31168080900005
25120,Hospital Jaume Nadal Meroles,126,Geriatrics and/or long-term care,Private Non-Profit,41.6100997720001,0.617328183000041
25019,Sant Joan De Déu Terres De Lleida,29,Psychiatric,Other Private Non-Profit,41.7494020290001,0.417043093000075
25119,Reeixir,44,Psychiatric,Private Non-Profit,41.551853056,0.814340000000072
25120,Hospital Sant Joan De Déu Lleida,130,Psychiatric,Private Non-Profit (Church),41.5890335230001,0.684735000000046
26089,Complejo Hospitalario San Millan San Pedro De La Rioja,590,General,Autonomous Community,42.4523058520001,-2.42217625899997
26089,Hospital San Pedro,0,General,Autonomous Community,42.4506844860001,-2.42639933299995
26089,Hospital General De La Rioja,0,General,Autonomous Community,42.4686217240001,-2.44204098399996
26089,"Policlínico Riojano Nuestra Señora De Valvanera, S.A.",87,General,Private Non-Profit,42.451241259,-2.42404871499997
26036,Fundación Hospital Calahorra,80,General,Social Security,42.3135272710001,-1.98034014499996
26084,Clínica Los Manzanos,52,Medical-surgical,Private Non-Profit,42.415695,-2.47368200299996
26005,Centro Asistencial De Albelda De Iregua,140,Psychiatric,Autonomous Community,42.3639150000001,-2.47333561899995
26071,Centro Sociosanitario De Convalecencia Los Jazmines,26,Geriatrics and/or long-term care,Autonomous Community,42.569420472,-2.84643074299993
26036,Centro  Sociosanitario  De Convalecencia Nuestra Señora Virgen Del Carmen,75,Geriatrics and/or long-term care,Autonomous Community,42.301664712,-1.96133444499998
27028,Complexo Hospitalario Universitario De Lugo,848,General,Public Entities,43.025128189,-7.56423499999994
27028,Hospital De Calde (Psiquiatrico),0,General,Public Entities,42.9449900000001,-7.62918499999995
27028,Hospital Polusa,97,General,Private Non-Profit,42.9980828010001,-7.56765269999994
27028,Sanatorio Nosa Señora Dos Ollos Grandes,69,General,Private Non-Profit,43.011895243,-7.56204556699993
27902,Hospital Publico Da Mariña (*),139,General,Social Security,43.6522406020001,-7.35969445899997
27031,Hospital De Monforte (*),140,General,Social Security,42.5272663170001,-7.51932494399995
27028,Hospital Universitario Lucus Augusti,0,General,Public Entities,43.025128189,-7.56423499999994
28079,Hospital Universitario La Paz,0,General,Social Security,40.480424183,-3.68590964099997
28079,Hospital Ramón Y Cajal,901,General,Social Security,40.487352537,-3.69383854899996
28079,Hospital Universitario 12 De Octubre,1196,General,Social Security,40.3760856100001,-3.69897211499995
28079,Hospital Clínico San Carlos,861,General,Social Security,40.4406569450001,-3.71993244699996
28079,Hospital Virgen De La Torre,0,Other specialized,Social Security,40.381025902,-3.61929255299998
28079,Hospital Universitario Santa Cristina,156,General,Social Security,40.4217986,-3.67099294399998
28079,Hospital Universitario De La Princesa,524,General,Autonomous Community,40.434030944,-3.67574555799996
28079,Hospital Infantil Universitario Niño Jesus,170,Pediatric,Autonomous Community,40.4143571160001,-3.67608902999996
28079,Hospital Central De La Cruz Roja San José Y Santa Adela,154,General,Private Non-Profit (Red Cross),40.447152471,-3.70693215899996
28079,Hospital Carlos Iii,0,General,Autonomous Community,40.475147959,-3.69623007399997
28079,Hospital Cantoblanco,0,General,Autonomous Community,40.539305132,-3.69331286299996
28079,Complejo Hospitalario Gregorio Marañón,1349,General,Autonomous Community,40.4193239480001,-3.66922808299995
28079,Hospital General Universitario Gregorio Marañón,0,General,Autonomous Community,40.419369772,-3.67113352499996
28079,Instituto Provincial De Rehabilitación,0,Geriatrics and/or long-term care,Autonomous Community,40.4330144560001,-3.67288676899994
28079,Hospital Dr. R. Lafora,334,Psychiatric,Autonomous Community,40.5319545460001,-3.69124082199994
28079,Sanatorio Nuestra Señora Del Rosario,176,General,Private Non-Profit (Church),40.4319981580001,-3.67959715599994
28079,Hospital San Rafael,188,General,Private Non-Profit (Church),40.4519595190001,-3.68144761099995
28079,Hospital De La V.O.T. De San Francisco De Asís,72,General,Private Non-Profit (Church),40.4090898370001,-3.71396072399995
28079,Hospital Quirónsalud San José,84,Surgical,Private Non-Profit,40.4405496250001,-3.67439087699995
28079,Hospital Beata María Ana. Hh. Hospitalarias Sgdo. C. De Jesús,160,Medical-surgical,Private Non-Profit (Church),40.418052485,-3.66911805199993
28079,Clínica Santa Elena,76,General,Private Non-Profit (Church),40.4456960740001,-3.71713894999994
28079,Hospital San Francisco De Asís,168,General,Private Non-Profit (Church),40.442606068,-3.68288271699993
28079,Clínica San Miguel,94,Psychiatric,Private Non-Profit (Church),40.4598045120001,-3.66053567699993
28079,Clínica Nuestra Sra. De La Paz,99,Psychiatric,Private Non-Profit (Church),40.4567928020001,-3.66095257799998
28079,Fundación Instituto San José,259,Geriatrics and/or long-term care,Other Private Non-Profit,40.361935944,-3.77517007699993
28079,Hospital Universitario Fundación Jiménez Díaz,659,General,Private Non-Profit,40.4385046030001,-3.71890924599995
28079,Hospital Virgen Del Mar,76,General,Private Non-Profit,40.459589529,-3.67854199399994
28079,"Hestia Madrid (Clínica Sear, S.A.)",250,Geriatrics and/or long-term care,Private Non-Profit,40.5327457610001,-3.78227558599997
28079,Hospital Ruber Juan Bravo 39,70,General,Private Non-Profit,40.4326364450001,-3.67775912999997
28079,Hospital Vithas Nuestra Señora De América,100,General,Private Non-Profit,40.4498106780001,-3.65163876199995
28079,"Hospital Virgen De La Paloma, S.A.",92,Surgical,Private Non-Profit,40.4453369020001,-3.71589021199998
28079,"Clínica La Luz, S.L.",180,Medical-surgical,Private Non-Profit,40.4440887310001,-3.71401461399995
28079,Fuensanta S.L. (Clínica Fuensanta),30,Surgical,Private Non-Profit,40.4401970640001,-3.63993874599993
28079,Hospital Ruber Juan Bravo 49,163,General,Private Non-Profit,40.432576453,-3.67630957499995
28079,Hospital Ruber Internacional,143,General,Private Non-Profit,40.4888935270001,-3.71408684099993
28079,Clínica La Milagrosa,171,Surgical,Private Non-Profit,40.4370245690001,-3.69635706999998
28079,Hospital Universitario La Zarzuela,116,General,Private Non-Profit,40.462389838,-3.78403759999998
28079,Hospital Universitario Hm Nuevo Belen,60,Maternity,Private Non-Profit,40.455157129,-3.65770117499994
28079,Sanatorio Neuropsiquiátrico Doctor León,96,Psychiatric,Private Non-Profit,40.4076626090001,-3.67827789899997
28079,Instituto De Investigaciones Neuropsiquiátricas Dr. López Ibor,67,Psychiatric,Private Non-Profit,40.4679078440001,-3.72445158699998
28079,"Sanatorio Esquerdo, S.A.",115,Psychiatric,Private Non-Profit,40.381934857,-3.75775973599997
28079,Hospital Central De La Defensa Gomez Ulla,475,General,Ministry of Defense,40.3879055130001,-3.74552932899996
28005,Hospital Universitario Príncipe De Asturias,507,General,Social Security,40.51024934,-3.34760208199998
28038,Hospital De La Fuenfría,192,Geriatrics and/or long-term care,Social Security,40.760709687,-4.07409086599995
28040,Hh. Hh. Sgdo. C. De Jesús. Complejo Asistencial Benito Menni,318,Psychiatric,Private Non-Profit (Church),40.1562350720001,-3.62223452599994
28040,Centro San Juan De Dios,339,Psychiatric,Private Non-Profit (Church),40.1596863890001,-3.61102488799997
28049,Hospital Monográfico Asepeyo De Traumat. Cirugía Y Rehabilitación,133,Traumatology and/or rehabilitation,Matep,40.4370282580001,-3.53136248999994
28068,Hospital Guadarrama,144,Geriatrics and/or long-term care,Autonomous Community,40.669460497,-4.08611077699993
28074,Hospital Universitario Severo Ochoa,386,General,Social Security,40.3218750940001,-3.76786968699997
28074,Instituto Psiquiátrico Servicios De Salud Mental José Germain-1 Luna,0,Psychiatric,Autonomous Community,40.327050265,-3.76681887599995
28080,Fremap Hospital Y Centro De Rehabilitación De Majadahonda,116,Traumatology and/or rehabilitation,Matep,40.452236896,-3.85132607899993
28092,Hospital Universitario De Móstoles,332,General,Social Security,40.3158212770001,-3.87753333599994
28131,Hospital El Escorial,91,General,Autonomous Community,40.6074541610001,-4.11955033899994
28171,Hospital Virgen De La Poveda,202,Geriatrics and/or long-term care,Autonomous Community,40.2477761910001,-4.27627727299995
28079,Hospital De Madrid,99,Surgical,Private Non-Profit (Church),40.4313188730001,-3.70694708499997
28065,Hospital Universitario De Getafe,510,General,Social Security,40.3125188940001,-3.74256698899995
28079,Clínica Isadora,19,Medical-surgical,Private Non-Profit,40.4571580090001,-3.71652282299993
28079,Hospital Universitario Moncloa,235,General,Private Non-Profit,40.4332431450001,-3.73362436599996
28007,Hospital Universitario Fundación Alcorcón,400,General,Social Security,40.3488682720001,-3.83739388799995
28079,Clinica Cemtro,94,Medical-surgical,Private Non-Profit,40.4935140900001,-3.71697684599997
28022,Hospital Universitario Hm  Montepríncipe,170,General,Private Non-Profit,40.4131397020001,-3.84396530299995
28079,Centro Oncológico Md Anderson International España,99,Oncological,Ministry of Defense,40.4707217220001,-3.66648950699994
28007,Hospital Quironsalud Sur,81,Medical-surgical,Private Non-Profit,40.342483708,-3.84903466199995
28058,Hospital Universitario De Fuenlabrada,406,General,Autonomous Community,40.2870767570001,-3.81595151999994
28152,Hospital Universitario Hm Torrelodones,86,General,Private Non-Profit,40.570491744,-3.92559737499994
28079,Complejo Universitario La Paz,1268,General,Social Security,40.4812402430001,-3.68723143299997
28079,Hospital La Moraleja,126,General,Private Non-Profit,40.492374193,-3.66233561299993
28026,Hospital Los Madroños,53,General,Private Non-Profit,40.3978750000001,-3.99388377599996
28115,Hospital Quirónsalud Madrid,239,General,Private Non-Profit,40.4017819480001,-3.78466211799997
28079,Hospital Centro De Cuidados Laguna,47,Other specialized,Other Private Non-Profit,40.400373373,-3.74698762299994
28079,Hospital Universitario Madrid Sanchinarro,198,General,Private Non-Profit,40.4892300490001,-3.66623351499993
28161,Hospital Universitario Infanta Elena,158,General,Autonomous Community,40.1988414420001,-3.69744306799993
28079,Vitas Nisa Pardo De Aravaca.,98,General,Private Non-Profit,40.4662493290001,-3.78345834199996
28134,Hospital Universitario Infanta Sofía,271,General,Autonomous Community,40.5578023210001,-3.61059588599994
28049,Hospital Universitario Del Henares,243,General,Autonomous Community,40.418437247,-3.53269413099997
28079,Hospital Universitario Infanta Leonor,0,General,Autonomous Community,40.386418674,-3.61770841499992
28014,Hospital Universitario Del Sureste,132,General,Autonomous Community,40.2969695560001,-3.45678600999997
28013,Hospital Universitario Del Tajo,98,General,Autonomous Community,40.0572571380001,-3.61079500499994
28106,Hospital Universitario Infanta Cristina,188,General,Autonomous Community,40.218255292,-3.78302070099994
28080,Hospital Universitario Puerta De Hierro Majadahonda,613,General,Autonomous Community,40.4501393560001,-3.87375168899996
28068,Casta Guadarrama,160,Psychiatric,Private Non-Profit,40.6735100000001,-4.11415084799995
28148,Hospital Universitario De Torrejón,250,General,Autonomous Community,40.465047826,-3.43651467899997
28092,Hospital Rey Juan Carlos,364,General,Autonomous Community,40.3391962160001,-3.87041195099994
28047,Hospital General De Villalba,209,General,Autonomous Community,40.6542750940001,-4.00107882499998
28092,Hm Universitario Puerta Del Sur,182,General,Private Non-Profit,40.3144351110001,-3.85685548899994
28005,Hm Valles,20,Other purpose,Private Non-Profit,40.4830208560001,-3.36737238499995
28096,Hospital Casaverde De Madrid,100,Psychophysical rehabilitation,Private Non-Profit,40.2825550000001,-4.01485993499995
28079,Clínica Universidad De Navarra,72,General,Other Private Non-Profit,40.447731457,-3.62483125099993
28079,Complejo Hospitalario Universitario Infanta Leonor,361,General,Autonomous Community,40.383949827,-3.62418370999995
28079,Clínica San Vicente,45,Psychophysical rehabilitation,Private Non-Profit,40.494596835,-3.71802232799996
28074,Instituto Psiquiátrico Servicios De Salud Mental José Germain,178,Psychiatric,Autonomous Community,40.327351261,-3.76763426699995
28074,Instituto Psiquiátrico Servicios De Salud Mental José Germain-2 Aragón,0,Psychiatric,Autonomous Community,40.3315148820001,-3.77466861099992
29067,Hospital General Del H.U.R. De Málaga,0,General,Autonomous Community,36.723177089,-4.44964876399996
29067,Hospital Virgen De La Victoria,0,General,Autonomous Community,36.7181760130001,-4.47783520999997
29067,Hospital Civil,0,General,Autonomous Community,36.7270533430001,-4.43069230499998
29067,Centro Asistencial San Juan De Dios,351,Psychiatric,Private Non-Profit (Church),36.7586110760001,-4.42580113899993
29067,Centro Asistencial Hnas. Hosp. Del Sagrado Corazón De Jesús,321,Psychiatric,Private Non-Profit (Church),36.733462795,-4.42208173999995
29067,Hospital Vithas Parque San Antonio,100,General,Private Non-Profit,36.722389778,-4.38922623799994
29067,Hospital El Ángel,138,General,Private Non-Profit,36.7150251680001,-4.45321674799993
29067,Hospital Doctor Gálvez,62,General,Private Non-Profit,36.7208378380001,-4.41938281399996
29067,Clínica De La Encarnación,105,General,Private Non-Profit,36.722767778,-4.45409071699993
29067,Hospital Psiquiátrico San Francisco De Asís,150,Psychiatric,Private Non-Profit,36.729291866,-4.36837248999996
29067,Clínica Nuestra Sra. Del Pilar,21,General,Private Non-Profit,36.7216525110001,-4.40416252599994
29015,Hospital De Antequera,159,General,Autonomous Community,37.030852167,-4.52821867299997
29069,Hospital Quironsalud Marbella,75,General,Private Non-Profit,36.508969506,-4.86694356099997
29094,Hospital De La Axarquía,197,General,Autonomous Community,36.751342736,-4.08949634099997
29901,Hospital Marítimo De Torremolinos,0,General,Autonomous Community,36.6377721710001,-4.48858355299996
29901,Clínica Santa Elena,90,General,Private Non-Profit,36.6257900000001,-4.52272241299994
29067,Hospital Universitario Regional De Málaga,1049,General,Autonomous Community,36.7232286870001,-4.45410337599998
29067,Hospital Universitario Virgen De La Victoria,657,General,Autonomous Community,36.7320875,-4.45210123299995
29067,Hospital Materno-Infantil Del H.U.R. De Málaga,0,Maternal-infant,Autonomous Community,36.729858026,-4.43251891699992
29069,Hospital Costa Del Sol,408,General,Autonomous Community,36.508608827,-4.82658859299994
29067,Hospital  F.A.C. Doctor Pascual,201,General,Private Non-Profit,36.7289616530001,-4.41216777899996
29094,Clínica El Seranil,60,Psychiatric,Private Non-Profit,36.7357700000001,-4.22444567099996
29069,Hc Marbella International Hospital,12,General,Private Non-Profit,36.5101877320001,-4.96424514899996
29069,Hospital Humanline Banús,15,Surgical,Private Non-Profit,36.540555,-4.94918999999993
29082,Clínica Rincón,7,Other specialized,Private Non-Profit,36.7128896130001,-4.26665356899997
29051,Hospiten Estepona,74,General,Private Non-Profit,36.473895,-5.13986153699994
29025,Fundación Cudeca. Centro De Cuidados Paliativos,15,Other specialized,Private Non-Profit,36.6096600000001,-4.53560399999998
29025,Xanit Hospital Internacional,125,General,Private Non-Profit,36.600561,-4.56147449999997
29067,Comunidad Terapéutica San Antonio,35,Psychiatric,Private Non-Profit,36.7276813060001,-4.36040611299995
29025,Hospital De Alta Resolución De Benalmádena,46,General,Autonomous Community,36.5991476390001,-4.55789535399992
29067,Hospital Quironsalud Málaga,132,General,Private Non-Profit,36.684100969,-4.45803924999996
29051,Cenyt Hospital,10,General,Private Non-Profit,36.4301764780001,-5.14912683199998
29069,Clínica Ochoa,12,General,Private Non-Profit,36.509058,-4.86875633999995
29069,Centro De Reproducción Asistida De Marbella (Ceram),22,General,Private Non-Profit,36.516731039,-4.89701820499994
29075,Clínica Rincón,4,General,Private Non-Profit,36.7477003970001,-3.88040193599994
29069,Helicópteros Sanitarios Hospital,10,General,Private Non-Profit,36.540555,-4.94918999999993
29084,Hospital De La Serranía,150,General,Autonomous Community,36.722128297,-5.14688070699998
29038,Hospital Valle Del Guadalhorce De Cártama,0,General,Autonomous Community,36.7148750000001,-4.65168828299994
30030,Hospital Clínico Universitario Virgen De La Arrixaca,920,General,Social Security,37.9317456110001,-1.16272643699995
30030,Hospital General Universitario Reina Sofía,339,General,Autonomous Community,37.982840292,-1.12107368799997
30030,Hospital Psiquiátrico Roman Alberca,96,Psychiatric,Autonomous Community,37.942656335,-1.16725790099997
30030,Hospital Quirónsalud Murcia,131,General,Private Non-Profit,37.9779962900001,-1.11864455799997
30030,Hospital La Vega,123,General,Private Non-Profit,37.9925730000001,-1.13332342999996
30030,Hospital Mesa Del Castillo,76,Medical-surgical,Private Non-Profit,37.9686792380001,-1.12950859699993
30030,Sanatorio Doctor Muñoz S.L.,50,Psychiatric,Private Non-Profit,37.926460702,-1.16609711999996
30005,"Clínica Médico-Quirúrgica San José, S.A.",139,Medical-surgical,Private Non-Profit,37.974861054,-1.22513153099993
30015,Hospital Comarcal Del Noroeste,103,General,Social Security,38.103789949,-1.86738448999995
30015,Clínica Doctor Bernal S.L.,39,Geriatrics and/or long-term care,Private Non-Profit,38.105802,-1.86807216099993
30016,Hospital Santa María Del Rosell,0,General,Social Security,37.6084359650001,-0.976482407999924
30016,Santo Y Real Hospital De Caridad,154,Geriatrics and/or long-term care,Other Private Non-Profit,37.6262370000001,-0.988933499999973
30016,Hospital Nuestra Señora Del Perpetuo Socorro,214,Medical-surgical,Private Non-Profit,37.6139953540001,-0.996764987999939
30017,Fundacion Hospital Real Piedad,40,Geriatrics and/or long-term care,Other Private Non-Profit,38.09668336,-1.79915675499996
30024,Hospital Virgen Del Alcázar De Lorca,175,Geriatrics and/or long-term care,Private Non-Profit,37.668461205,-1.69576415099993
30035,Hospital General Universitario Los Arcos Del Mar Menor,255,General,Autonomous Community,37.819066439,-0.859866806999946
30043,Hospital Virgen Del Castillo,96,General,Social Security,38.616077809,-1.10791853699993
30024,Hospital Rafael Méndez,287,General,Social Security,37.6450575640001,-1.73518856799996
30030,Hospital General Universitario J.M. Morales Meseguer,394,General,Social Security,37.994553038,-1.12945333299996
30030,Hospital Ibermutuamur-Patología Laboral,26,Traumatology and/or rehabilitation,Matep,38.0085528930001,-1.14879968299994
30019,Hospital De La Vega Lorenzo Guirao,124,General,Autonomous Community,38.22935138,-1.40902399099997
30027,Hospital De Molina,83,Medical-surgical,Municipality,38.061256417,-1.21228622399997
30030,Clínica San Felipe Del Mediterráneo,62,Psychiatric,Private Non-Profit,37.9351502740001,-1.15782353399993
30036,Hospital De Cuidados Medios Villademar,99,Geriatrics and/or long-term care,Private Non-Profit,37.828167288,-0.793080352999937
30016,Residencia Los Almendros,60,Geriatrics and/or long-term care,Private Non-Profit,37.622815378,-1.11988227599994
30016,Complejo Hospitalario Universitario De Cartagena,691,General,Social Security,37.607120475,-0.975184972999955
30016,Hospital General Universitario Santa Lucia,0,General,Autonomous Community,37.601523263,-0.961645830999942
30016,Hospital Perpetuo Socorro Alameda,93,Geriatrics and/or long-term care,Private Non-Profit,37.614950612,-0.995415301999969
30016,Hospital C.M.V. Caridad Cartagena,40,Medical-surgical,Private Non-Profit,37.6159259990001,-0.987220567999941
31201,Centro San Francisco Javier,28,Psychiatric,Autonomous Community,42.833333478,-1.62481300699994
31201,Hospital San Juan De Dios,190,General,Private Non-Profit (Church),42.8161537820001,-1.62374839999995
31201,Clinica Psiquiatrica Padre Menni,226,Psychiatric,Private Non-Profit (Church),42.8248410460001,-1.65422988599994
31201,Clinica Universidad De Navarra,241,General,Other Private Non-Profit,42.802189469,-1.66727028299994
31201,Clinica San Miguel,72,General,Private Non-Profit,42.8195237950001,-1.62127891699993
31201,Clínica San Fermín,5,General,Private Non-Profit,42.8094655360001,-1.64125327999994
31050,Centro Hospitalario Benito Menni,148,Psychiatric,Private Non-Profit (Church),43.1463150000001,-1.52783655099995
31097,Hospital García Orcoyen,93,General,Autonomous Community,42.683315969,-2.03890547599997
31232,Hospital Reina Sofía,190,General,Autonomous Community,42.0408673220001,-1.62530474999994
31010,Clínica Psicogeriátrica Josefina Arregui,21,Psychiatric,Other Private Non-Profit,42.9102050000001,-2.17932757799997
31201,Complejo Hospitalario De Navarra,1086,General,Autonomous Community,42.8051404660001,-1.66852095899998
32054,Complexo Hospitalario Universitario De Ourense,869,General,Public Entities,42.327010708,-7.85883781799993
32054,Hospital Universitario Cristal,0,General,Public Entities,42.327010708,-7.85883781799993
32008,Hospital Santo Cristo De Piñor (Psiquiatrico),0,General,Public Entities,42.3241377250001,-7.88776474899993
32054,Hospital Santa Maria Nai,0,General,Public Entities,42.327010708,-7.85883781799993
32054,Centro Medico El Carmen,43,General,Private Non-Profit,42.3425176320001,-7.86436462599994
32009,Hospital De Valdeorras (*),100,General,Social Security,42.4175752720001,-6.99102144899996
32085,Hospital De Verin,80,General,Autonomous Community,41.9540691340001,-7.43030562299998
32054,Clinica Santa Teresa,49,General,Private Non-Profit,42.343855666,-7.86557438799997
33044,Hospital Monte Naranco,194,General,Autonomous Community,43.3700886620001,-5.87299955799995
33044,Centro Médico De Asturias,105,General,Private Non-Profit,43.3409084210001,-5.87044384499995
33044,Clínica Asturias,46,General,Private Non-Profit,43.367644582,-5.85609159099994
33044,Clínica San Rafael,36,Psychiatric,Private Non-Profit,43.3809799650001,-5.82872131199997
33004,"Hospital  Universitario ""San Agustín""",436,General,Social Security,43.551997853,-5.93579096599996
33004,Fundación Hospital De Avilés,90,Medical-surgical,Other Private Non-Profit,43.555499974,-5.92557306399993
33011,Hospital Carmen Y Severo Ochoa,103,General,Social Security,43.1752750530001,-6.54733266899996
33018,Hospital Comarcal De Jarrio,105,General,Social Security,43.544314608,-6.74709884299995
33024,Hospital De Cabueñes,457,General,Social Security,43.5248042170001,-5.60652307599997
33024,Hospital De La Cruz Roja,120,Medical-surgical,Private Non-Profit (Red Cross),43.538354214,-5.65492950599997
33024,Sanatorio Nuestra Señora De Covadonga,24,Medical-surgical,Private Non-Profit (Church),43.5314880000001,-5.64858570399997
33024,Fundación Hospital De Jove,233,General,Other Private Non-Profit,43.550230872,-5.69900502199994
33024,"Hospital Begoña De Gijón, S.L.",41,General,Private Non-Profit,43.5352301450001,-5.64762941899994
33031,Hospital Valle Del Nalón,223,General,Social Security,43.3282152640001,-5.72174381699995
33031,Fundación Sanatorio Adaro,138,Geriatrics and/or long-term care,Other Private Non-Profit,43.2919061040001,-5.67541485699996
33037,Hospital V. Álvarez Buylla,176,General,Social Security,43.2264141360001,-5.78150638299996
33044,Hospital Universitario Central De Asturias,991,General,Public Entities,43.3736588250001,-5.82972540199995
33045,Hospital Del Oriente De Asturias Francisco Grande Covián,90,General,Autonomous Community,43.3817565210001,-5.18496195599994
33034,Hospital De Luarca -Asistencia Médica Occidentalsl,19,Other specialized,Private Non-Profit,43.541660522,-6.52779190099994
33035,"Instituto Salud Mental Pérez-Espinosa Oria, S.L.",42,Psychiatric,Private Non-Profit,43.432586402,-5.80737081699994
33024,Clínica Psiquiátrica Somió,40,Psychiatric,Private Non-Profit,43.5478122100001,-5.61151898999998
33044,Clínica Cirugía Plástica Y Estética Fernández Y Fernández Cossío,3,Surgical,Private Non-Profit,43.351919249,-5.85791642999993
33024,Hospital Gijón,32,Geriatrics and/or long-term care,Private Non-Profit,43.537606522,-5.65818269599993
33024,Centro Terapéutico Vista Alegre,28,Psychiatric,Private Non-Profit,43.532464631,-5.62841646899994
33044,Instituto Oftalmológico Fernández -Vega,13,Ophthalmologic or ENT,Private Non-Profit,43.369200026,-5.86838724199993
34120,Hospital Rio Carrión,0,General,Social Security,42.0008120530001,-4.53984637999997
34120,Hospital San Telmo,0,General,Provincial Council or Island Council,41.995195638,-4.51773532099998
34120,Hospital Psiquiatrico San Luis,206,Psychiatric,Private Non-Profit (Church),41.992253062,-4.51221861499994
34120,Área Psiquiátrica Del Centro Asistencial San Juan De Dios,97,Psychiatric,Private Non-Profit (Church),42.007261027,-4.53834728699997
34120,Hospital Recoletas De Palencia,44,General,Private Non-Profit,42.015905896,-4.54021086399996
34120,Complejo Asistencial Universitario De Palencia,495,General,Public Entities,42.002517551,-4.53736645699996
35016,Hospital Universitario Materno-Infantil De Canarias,0,Maternal-infant,Social Security,28.081044713,-15.417030611
35016,Hospital Universitario Insular De Gran Canaria,0,General,Autonomous Community,28.083770874,-15.417528429
35016,Unidades Clínicas Y De Rehabilitación (Ucyr),0,Psychiatric,Autonomous Community,28.101671975,-15.4234272479999
35016,Sanatorio Dermatológico Regional,54,Geriatrics and/or long-term care,Provincial Council or Island Council,28.0586928920001,-15.460877959
35016,Fundación Benéfica Canaria Casa Asilo San José,66,General,Other Private Non-Profit,28.1430331500001,-15.432269364
35016,Vithas Hospital Santa Catalina,152,General,Private Non-Profit,28.1268076380001,-15.429821239
35016,"Hospital Policlínico La Paloma, S.A.",108,General,Private Non-Profit,28.126461143,-15.4322351609999
35016,"Instituto Policlínico Cajal, S.L.",136,General,Private Non-Profit,28.109884977,-15.4213507819999
35016,Hospital San Roque Las Palmas De Gran Canaria,162,General,Private Non-Profit,28.099026,-15.413379936
35016,Clínica Bandama,64,Psychiatric,Private Non-Profit,28.0551049000001,-15.4620875219999
35016,Hospital Nuestra Señora Del Perpetuo Socorro,187,General,Private Non-Profit,28.1373905900001,-15.430160556
35004,Hospital Doctor José Molina Orosa,292,General,Social Security,28.9744142910001,-13.5661152179999
35004,Hospital Insular De Lanzarote,80,Geriatrics and/or long-term care,Provincial Council or Island Council,28.9619833690001,-13.5433692889999
35017,Hospital General De Fuerteventura,131,General,Autonomous Community,28.4893974880001,-13.8692290609999
35021,"Quinta Médica De Reposo, S.A.",78,Psychiatric,Private Non-Profit,28.03036244,-15.4993941499999
35023,Hospital De San Roque Guía,0,Geriatrics and/or long-term care,Autonomous Community,28.1345271880001,-15.6274633959999
35026,Hospital Ciudad De Telde,219,Geriatrics and/or long-term care,Private Non-Profit,28.00629,-15.38244
35016,Complejo Hospitalario Universitario Insular-Materno Infantil,916,General,Autonomous Community,28.067808002,-15.424055
35019,Hospital Clínica Roca (Roca Gestión Hospitalaria),81,General,Private Non-Profit,27.7728725650001,-15.5424226119999
35016,Hospital Universitario  De Gran Canaria Dr. Negrín,0,General,Autonomous Community,28.120449851,-15.444838395
35028,Hospiten Lanzarote (Clínicas Del Sur S.L.U.),61,General,Private Non-Profit,28.939555,-13.6462862669999
35016,Complejo Hospitalario Universitario De Gran Canaria Dr. Negrín,828,General,Autonomous Community,28.127500992,-15.440697063
35019,Hospital San Roque Maspalomas,147,General,Municipality,27.750803546,-15.6073587929999
35017,Clínica Parque Fuerteventura,12,Medical-surgical,Private Non-Profit,28.499427,-13.8613005
35024,Clinica Jorgani,11,General,Private Non-Profit,29.003095226,-13.4836006589999
36038,Hospital Universitario Montecelo,0,General,Public Entities,42.434553511,-8.62922216599998
36038,Hospital Provincial De Pontevedra,0,General,Public Entities,42.4282984990001,-8.63394710699993
36038,Hestia Santa Maria,70,Geriatrics and/or long-term care,Private Non-Profit,42.4324829600001,-8.64741121599997
36038,Hospital Quironsalud Miguel Dominguez,127,General,Private Non-Profit,42.42866,-8.64593604799995
36041,Instituto De Neuro-Rehabilitacion Quironsalud Pontevedra,30,Other specialized,Private Non-Profit,42.4338188900001,-8.66125872899994
36057,Hospital Meixoeiro,0,General,Public Entities,42.215662733,-8.68202130399993
36057,Hospital Nicolas Peña,0,General,Public Entities,42.225528824,-8.72950419399996
36057,"Fremap, Hospital De Vigo",17,Traumatology and/or rehabilitation,Matep,42.228756,-8.72776761699993
36057,Hospital Povisa,573,General,Private Non-Profit,42.223435554,-8.72782782099995
36057,Hospital Hm Vigo,12,General,Private Non-Profit,42.2296006380001,-8.72227456899998
36057,Vithas Hospital Nosa Señora De Fatima,200,General,Private Non-Profit,42.234313727,-8.70922112799997
36057,Concheiro Centro Medico Quirurgico,40,Surgical,Private Non-Profit,42.2284048540001,-8.71896874799995
36057,Centro Medico Pintado,12,Maternal-infant,Private Non-Profit,42.23008185,-8.72895694299996
36057,Sanatorio Psiquiatrico San Jose,48,Psychiatric,Private Non-Profit,42.224049671,-8.73741923199998
36057,Clinica Residencia El Pinar,84,Psychiatric,Private Non-Profit,42.221238521,-8.68198025399994
36038,Complexo Hospitalario Universitario De Pontevedra,605,General,Public Entities,42.434553511,-8.62922216599998
36060,Hospital Do Salnes (*),122,General,Autonomous Community,42.573938264,-8.72723632399993
36057,Complexo Hospitalario Universitario De Vigo,1273,General,Public Entities,42.190399719,-8.71818425699996
36057,Hospital Universitario Alvaro Cunqueiro,0,General,Public Entities,42.190399719,-8.71818425699996
37274,Complejo Asistencial Universitario De Salamanca,914,General,Public Entities,40.964171563,-5.67288957099993
37274,Hospital Universitario De Salamanca,0,General,Social Security,40.963784382,-5.67501256999998
37274,Hospital General De La Santísima Trinidad,106,General,Other Private Non-Profit,40.9678049120001,-5.66814004799994
37087,Hospital Los Montalvos,0,General,Autonomous Community,40.926513378,-5.74050495499995
38038,Complejo Hospitalario Universitario Ntra. Sra. De Candelaria,1066,General,Social Security,28.4496382360001,-16.2846129509999
38038,Hospital Universitario Nuestra Señora De Candelaria,0,General,Social Security,28.448296068,-16.2848451409999
38038,Hospital De Ofra,0,General,Social Security,28.4695800000001,-16.2746349
38038,Unidades Clínicas Y De Rehabilitación De Salud Mental,0,Psychiatric,Autonomous Community,28.4700703140001,-16.267857369
38038,Hospital Febles Campos,258,Geriatrics and/or long-term care,Provincial Council or Island Council,28.4612590900001,-16.2605812099999
38038,Hospital San Juan De Dios,152,General,Private Non-Profit (Church),28.452751032,-16.2716424999999
38038,Hospital Quirón Tenerife,187,General,Private Non-Profit,28.4709208990001,-16.266607161
38038,Vithas Hospital Santa Cruz,61,General,Private Non-Profit,28.4715553520001,-16.259205505
38038,"Clínica Parque, S.A.",64,General,Private Non-Profit,28.4704402840001,-16.253780747
38006,Hospiten Sur,242,General,Private Non-Profit,28.05818,-16.725182
38023,Hospital Universitario De Canarias (H.U.C),0,General,Autonomous Community,28.4570451220001,-16.291811933
38022,Hospital De La Santísima Trinidad,99,Geriatrics and/or long-term care,Provincial Council or Island Council,28.371295,-16.719720561
38026,Clínica Vida,31,General,Private Non-Profit,28.390406093,-16.5456475
38028,Hospital Bellevue,195,General,Private Non-Profit,28.407308029,-16.544534569
38036,Hospital Nuestra Señora De Guadalupe,40,General,Autonomous Community,28.1045050720001,-17.130247556
38037,Hospital Nuestra Señora De Los Dolores,144,Geriatrics and/or long-term care,Provincial Council or Island Council,28.6858348640001,-17.76358197
38048,Hospital Insular Ntra. Sra. De Los Reyes,32,General,Autonomous Community,27.8142629930001,-17.915504018
38001,Hospital Quirón Costa Adeje,62,General,Private Non-Profit,28.0797973620001,-16.7336297909999
38038,Hospital Rambla S.L.,97,General,Private Non-Profit,28.4749141120001,-16.251489723
38008,Hospital General De La Palma,198,General,Autonomous Community,28.6726590110001,-17.790404007
38023,Complejo Hospitalario Universitario De Canarias,826,General,Autonomous Community,28.457180952,-16.290327063
38022,Hospital Del Norte,0,Geriatrics and/or long-term care,Autonomous Community,28.3848112650001,-16.684673566
38006,Hospital Del Sur,0,General,Autonomous Community,28.068117413,-16.706575265
38043,Clínica Tara,12,General,Private Non-Profit,28.478257614,-16.403673807
39075,Hospital Universitario Marqués De Valdecilla,923,General,Social Security,43.4559827160001,-3.82954244499996
39075,Hospital Ramón Negrete,30,Traumatology and/or rehabilitation,Matep,43.483778988,-3.78934194099998
39075,Hospital Santa Clotilde - Orden Hospitalaria San Juan De Dios.,127,Geriatrics and/or long-term care,Private Non-Profit (Church),43.46831458,-3.79898845999998
39075,Centro Hospitalario Padre Menni,403,Psychiatric,Private Non-Profit (Church),43.476897647,-3.79696039099997
39035,Hospital Comarcal De Laredo,131,General,Social Security,43.4140049750001,-3.44186152999993
39087,Hospital Sierrallana,301,General,Social Security,43.3621994550001,-4.07611227699994
39073,"Clínica Mompía, S.A.U.",105,General,Private Non-Profit,43.439445,-3.92133149999995
40194,Complejo Asistencial De Segovia,375,General,Social Security,40.9432550000001,-4.11920458799995
40194,Hospital General De Segovia,0,General,Social Security,40.9427077,-4.12860451499995
40194,Hospital Recoletas Segovia Ntra. Sra. De La Misericordia,48,General,Other Private Non-Profit,40.9527568250001,-4.12380748399994
40155,Unidad De Rehabilitación Psiquiátrica Ntra. Sra. De La Fuencisla,56,Psychiatric,Provincial Council or Island Council,40.9374115210001,-4.05719675999995
41091,Hospital General Del H.U. Virgen Del Rocío,0,General,Autonomous Community,37.3570405790001,-5.97918777199993
41091,Hospital Virgen De Valme,0,General,Autonomous Community,37.318831054,-5.97115197099993
41091,Hospital Virgen Macarena,0,General,Autonomous Community,37.406773382,-5.98688920799998
41091,Hospital San Lázaro,0,General,Autonomous Community,37.414392122,-5.98215308899995
41091,Hospital Victoria Eugenia De La Cruz Roja Española,39,General,Private Non-Profit (Red Cross),37.400685292,-5.98231156299994
41091,Hospital San Juan De Dios De Sevilla,47,General,Private Non-Profit (Church),37.3820257620001,-5.96903487999998
41091,Hospital Duques Del Infantado,0,General,Autonomous Community,37.36312395,-5.98791585399994
41091,Clínica Santa Isabel,96,General,Private Non-Profit,37.387151551,-5.97551341299993
41091,Hospital Quironsalud Sagrado Corazón,147,General,Private Non-Profit,37.359294305,-5.97952998899996
41091,Hospital Fátima,73,General,Private Non-Profit,37.369389482,-5.98534682899998
41091,Hospital Quironsalud Infanta Luisa,139,General,Private Non-Profit,37.381499707,-6.00834475399995
41091,Clínica Nuestra Señora De Aránzazu,10,Surgical,Private Non-Profit,37.3957898210001,-5.99562467799996
41017,Residencia De Salud Mental Nuestra Señora Del Carmen,54,Psychiatric,Private Non-Profit,37.378407295,-6.07026687199993
41004,Hospital El Tomillar,0,General,Autonomous Community,37.2980179190001,-5.90067180999995
41038,Hospital San Agustín,93,General,Private Non-Profit,37.2813664830001,-5.93710220599996
41065,Hospital De Alta Resolución De Morón De La Frontera,12,General,Autonomous Community,37.117589702,-5.45441538099993
41068,Hospital La Merced,225,General,Autonomous Community,37.232725816,-5.09598333499997
41091,Hospital Universitario Virgen Del Rocío,1350,General,Autonomous Community,37.362823002,-5.97906071599994
41091,Hospital Universitario Virgen Macarena,960,General,Autonomous Community,37.4064748870001,-5.98607019899993
41091,Hospital Universitario Virgen De Valme,617,General,Autonomous Community,37.3154571380001,-5.96929888599993
41091,"Fremap, Hospital Y Centro De Rehabilitación De Sevilla",102,Traumatology and/or rehabilitation,Matep,37.3254585400001,-5.96531371599997
41091,Hospital Psiquiátrico Penitenciario,26,Psychiatric,Ministry of Interior,37.3997596940001,-5.95718392399993
41017,Hospital San Juan De Dios Del Aljarafe,200,General,Private Non-Profit (Church),37.368186721,-6.08211955099995
41029,Hospital Nisa Sevilla-Aljarafe,148,General,Private Non-Profit,37.389698326,-6.06177874699995
41095,Hospital De Alta Resolución De Utrera,14,General,Autonomous Community,37.1758854990001,-5.78497788199996
41033,Hospital De Alta Resolución Sierra Norte,8,General,Autonomous Community,37.8623055460001,-5.61921952099993
41091,Hospital Viamed Santa Ángela De La Cruz,105,General,Private Non-Profit,37.3274298800001,-5.96668256499993
41039,Hospital De Alta Resolución De Écija,38,General,Autonomous Community,37.5322433800001,-5.09212972899996
41038,Clínica De Salud Mental Miguel De Mañara,18,Psychiatric,Private Non-Profit,37.3314817670001,-5.91951963099996
41091,Hospital De Rehabilitación Y Traumatología Virgen Del Rocío,0,Traumatology and/or rehabilitation,Autonomous Community,37.361881575,-5.98106915499994
41053,Hospital De Alta Resolución De Lebrija,22,General,Autonomous Community,36.910486082,-6.07267484699997
41091,Hospital Infantil,0,Pediatric,Autonomous Community,37.3570405790001,-5.97918777199993
41091,Hospital De La Mujer,0,General,Autonomous Community,37.3570405790001,-5.97918777199993
42173,Hospital Santa Bárbara,0,General,Social Security,41.7719249680001,-2.47127376599997
42173,Hospital Virgen Del Mirón,0,Geriatrics and/or long-term care,Autonomous Community,41.7715405660001,-2.46396048299994
42173,Complejo Asistencial De Soria,319,General,Public Entities,41.771348851,-2.47256122599993
43148,Hospital Universitari Joan Xxiii De Tarragona,372,General,Social Security,41.124597303,1.23857342400004
43148,Hospital Sociosanitari Francolí,156,Geriatrics and/or long-term care,Autonomous Community,41.1249338740001,1.23914820800007
43148,Hospital De Sant Pau I Santa Tecla,186,General,Other Private Non-Profit,41.1164382050001,1.25499580700006
43148,Hospital Viamed Monegal,53,General,Private Non-Profit,41.118716567,1.25124993100007
43148,Clínica Activa Mútua 2008,22,Other specialized,Matep,41.118883554,1.24876320700002
43093,Hospital Comarcal Móra D'Ebre,120,General,Autonomous Community,41.095273891,0.638773807000064
43123,Hospital Universitari De Sant Joan De Reus,313,General,Municipality,41.1444277630001,1.12248864400004
43123,Centre Mq Reus,50,General,Private Non-Profit,41.160215022,1.10643081000006
43123,"Villablanca Serveis Assistencials, Sa",350,Psychiatric,Private Non-Profit,41.1506460000001,1.11456000000004
43123,"Institut Pere Mata, S.A",727,Psychiatric,Private Non-Profit,41.1654943410001,1.08725060600005
43155,Hospital De Tortosa Verge De La Cinta,248,General,Social Security,40.81116488,0.524348374000056
43155,Hospital De La Santa Creu,250,Geriatrics and/or long-term care,Municipality,40.8305325000001,0.508148038000058
43155,Clínica Terres De L'Ebre,40,General,Municipality,40.8145000430001,0.515575109000054
43140,Policlínica Comarcal Del Vendrell.,136,Geriatrics and/or long-term care,Private Non-Profit,41.225741086,1.53843707300007
43161,Pius Hospital De Valls,142,General,Public Entities,41.283794071,1.25160395500006
43161,Residència Alt Camp,50,Geriatrics and/or long-term care,Public Entities,41.293259354,1.23306191800003
43123,Centre Sociosanitari Ciutat De Reus,85,Geriatrics and/or long-term care,Private Non-Profit,41.1533308910001,1.11276584600006
43014,Hospital Comarcal D'Amposta,88,General,Municipality,40.7087794540001,0.578071969000064
43148,Centre Sociosanitari Llevant,60,Geriatrics and/or long-term care,Autonomous Community,41.121429881,1.26386763500005
43171,Residència Vila-Seca,35,Geriatrics and/or long-term care,Municipality,41.1107766490001,1.14905827300004
43014,Unitat Polivalent En Salut Mental D'Amposta,127,Psychiatric,Other Private Non-Profit,40.70902148,0.575513937000039
43163,Hospital Del Vendrell,120,General,Other Private Non-Profit,41.2147722570001,1.54259810200006
43905,Centre Sociosanitari I Residència Assistida Salou,30,Geriatrics and/or long-term care,Private Non-Profit,41.080495286,1.12731246800007
43148,Residència Santa Tecla Ponent,70,Geriatrics and/or long-term care,Other Private Non-Profit,41.1225480000001,1.21316154900006
43123,Unitat De Referència De Psiquiatria I Trastorns De La Conducta Alimentària (Urpi),20,Psychiatric,Private Non-Profit,41.1444277630001,1.12248864400004
44216,Hospital Obispo Polanco,215,General,Social Security,40.3330884750001,-1.10722956499995
44216,Hospital San José,50,Geriatrics and/or long-term care,Autonomous Community,40.3477209530001,-1.11537000199996
44216,Centro De Rehabilitacion Psicosocial San Juan De Dios,150,Psychiatric,Autonomous Community,40.3453623940001,-1.11340111999994
44013,Hospital De Alcañiz,131,General,Social Security,41.0451426230001,-0.129954064999936
45168,Hospital Virgen De La Salud,0,General,Social Security,39.8714465790001,-4.03506868599993
45168,Hospital Geriátrico Virgen Del Valle,0,Geriatrics and/or long-term care,Social Security,39.843573281,-4.02119552699997
45168,Hospital Nacional De Parapléjicos,210,Traumatology and/or rehabilitation,Social Security,39.8750379950001,-4.05222087399994
45168,Hospital Provincial Nuestra Señora De La Misericordia,0,General,Provincial Council or Island Council,39.861310577,-4.01451101599997
45165,Hospital General Nuestra Señora Del Prado,312,General,Social Security,39.964855819,-4.80713812999994
45165,"Clínica Marazuela, S.A.",15,General,Private Non-Profit,39.9618314530001,-4.82505341899997
45168,Complejo Hospitalario De Toledo,953,General,Social Security,39.870912908,-4.03527290999995
45168,Hospital Laboral Solimat Mutua Colaboradora Con La Ss Nº 72,10,Traumatology and/or rehabilitation,Matep,39.8684674960001,-4.04162993199998
45168,Quirón Salud Toledo,80,Medical-surgical,Private Non-Profit,39.885210326,-4.04072302699996
45168,"Centro De Trat. De Drogodep. ""El Alba""",30,Other purpose,Autonomous Community,39.89676,-4.04766436499995
46250,Hospital Universitario Y Politécnico La Fe,1000,General,Autonomous Community,39.443455047,-0.376078595999957
46250,Hospital Universitario Dr. Peset Aleixandre,539,General,Autonomous Community,39.453066984,-0.394411594999951
46250,Hospital Arnau De Vilanova,302,General,Autonomous Community,39.4908790040001,-0.403314879999925
46250,Hospital Clínico Universitario De Valencia,582,General,Autonomous Community,39.4790025830001,-0.361464704999946
46250,Hospital De La Malva-Rosa,33,Surgical,Autonomous Community,39.4771225960001,-0.330731441999944
46250,Consorcio Hospital General Universitario De Valencia,546,General,Provincial Council or Island Council,39.468675196,-0.406634263999933
46250,Hospital Católico Casa De Salud,192,General,Private Non-Profit (Church),39.469445675,-0.349803595999958
46250,Hospital Nisa Valencia Al Mar,70,General,Private Non-Profit,39.476576504,-0.330232499999966
46250,Fundación Instituto Valenciano De Oncología,160,Oncological,Other Private Non-Profit,39.4815734000001,-0.389795490999973
46250,Hospital Virgen Del Consuelo,156,General,Private Non-Profit,39.460729988,-0.386897221999959
46250,Hospital Quirón Valencia,88,General,Private Non-Profit,39.478437221,-0.364192050999975
46070,Hospital Psiquiátrico Provincial,80,Psychiatric,Provincial Council or Island Council,39.6119600000001,-0.467657559999964
46135,Casa De Reposo San Onofre,76,Psychiatric,Private Non-Profit,39.5213136290001,-0.416059369999971
46131,Hospital Francesc De Borja De Gandia,285,General,Autonomous Community,38.963128248,-0.169758535999961
46145,Hospital Lluís Alcanyís De Xàtiva,273,General,Autonomous Community,39.0067034300001,-0.509550738999963
46184,Hospital General De Ontinyent,56,General,Autonomous Community,38.8200904170001,-0.602910244999975
46903,Hospital Intermutual De Levante,230,Traumatology and/or rehabilitation,Matep,39.579516653,-0.538019401999975
46220,Hospital De Sagunto,252,General,Social Security,39.674395045,-0.231102444999976
46228,Hospital Doctor Moliner,179,Geriatrics and/or long-term care,Autonomous Community,39.655907816,-0.474303941999949
46213,Hospital General De Requena,113,General,Autonomous Community,39.4883910090001,-1.08955556799998
46250,Hospital 9 De Octubre,300,General,Private Non-Profit,39.4784414850001,-0.401593279999929
46131,Centro Médico Gandia,11,General,Private Non-Profit,38.972984061,-0.175930826999945
46083,Hospital Nisa Aguas Vivas,96,General,Private Non-Profit,39.0875191420001,-0.352931138999963
46250,Clinica Fontana,7,Surgical,Private Non-Profit,39.463684743,-0.377810083999975
46017,Hospital Universitario De La Ribera,301,General,Autonomous Community,39.1599095500001,-0.416462138999975
46250,Hospital Pare Jofré,125,Geriatrics and/or long-term care,Social Security,39.453066984,-0.394411594999951
46159,Hospital De Manises,354,General,Autonomous Community,39.4855805330001,-0.452646362999928
46169,Hospital De Crónicos De Mislata (Antiguo Hospital Militar De Valencia),115,Geriatrics and/or long-term care,Autonomous Community,39.481101381,-0.423875095999961
46147,Hospital De Llíria,90,General,Autonomous Community,39.641293477,-0.619396725999934
46078,Imed Valencia,207,General,Private Non-Profit,39.502613556,-0.406173280999951
46083,Unidad De Desintoxicación Hospitalaria,16,Other specialized,Private Non-Profit,39.1010200000001,-0.421903004999933
47186,Hospital Universitario Rio Hortega,606,General,Autonomous Community,41.629521384,-4.71375620799995
47186,Hospital Clínico Universitario De Valladolid,777,General,Social Security,41.655910568,-4.71842656999996
47186,Sanatorio Sagrado Corazón,75,General,Private Non-Profit (Church),41.6496372010001,-4.72015610899996
47186,Centro Hospitalario Benito Menni,240,Psychophysical rehabilitation,Private Non-Profit (Church),41.6288686500001,-4.72325250199998
47085,Hospital Medina Del Campo,119,General,Social Security,41.295496734,-4.91129865799996
47186,Hospital De Valladolid Felipe Ii,79,General,Private Non-Profit,41.655273821,-4.72561809799993
47186,Hospital Campo Grande,93,General,Private Non-Profit,41.6437393630001,-4.72784702199993
48020,Hospital Santa Marina,245,Geriatrics and/or long-term care,Autonomous Community,43.2623340230001,-2.88218375499997
48020,Hospital Intermutual De Euskadi,44,General,Matep,43.2685338160001,-2.92751355199994
48020,Clínica Ercilla Mutualia,23,Traumatology and/or rehabilitation,Matep,43.2648351300001,-2.93108424599995
48020,Hospital Cruz Roja De Bilbao,68,General,Private Non-Profit (Red Cross),43.261296832,-2.94211652799993
48020,Sanatorio Bilbaíno,40,General,Private Non-Profit (Church),43.258310486,-2.94059068699994
48020,Hospital De Basurto,733,General,Autonomous Community,43.2616740120001,-2.95337934699995
48020,Imq Clínica Virgen Blanca,74,General,Private Non-Profit,43.2582684830001,-2.91525957799996
48020,Clínica Guimon S.A.,47,General,Private Non-Profit,43.2588825890001,-2.94212864399998
48020,Clínica Indautxu,30,General,Private Non-Profit,43.2593007070001,-2.93909319399995
48013,Hospital Universitario De Cruces,912,General,Social Security,43.2825671410001,-2.98431967599993
48013,Osi Barakaldo-Sestao,128,General,Social Security,43.2967111510001,-2.99355899499994
48017,Red De Salud Mental De Bizkaia (Hospital De Bermeo),131,Psychiatric,Autonomous Community,43.4221844890001,-2.72155318399996
48036,Hospital Galdakao-Usansolo,464,General,Autonomous Community,43.2235370540001,-2.81793842899998
48043,Hospital Gorliz,149,Psychophysical rehabilitation,Autonomous Community,43.417397851,-2.94321832799994
48082,Hospital San Juan De Dios,105,General,Other Private Non-Profit,43.3277265030001,-3.02853455899998
48095,Red De Salud Mental De Bizkaia (Hospital De Zaldibar),111,Psychiatric,Autonomous Community,43.1684560050001,-2.54973975299993
48905,Red De Salud Mental De Bizkaia (Hospital De Zamudio),126,Psychiatric,Autonomous Community,43.289155823,-2.85654224499996
48082,Avances Médicos S.A,24,Psychiatric,Private Non-Profit,43.325458026,-3.02471093099996
48902,Hospital Quironsalud Bizkaia,110,General,Private Non-Profit,43.3298915920001,-2.95914647899997
48020,Clínica Imq  Zorrotzaurre,175,General,Private Non-Profit,43.267537362,-2.95204767699994
48089,Hospital Urduliz Ospitalea,128,General,Autonomous Community,43.3751794780001,-2.95988686699997
49275,Hospital Virgen De La Concha,0,General,Autonomous Community,41.514175471,-5.73223347799996
49275,Hospital Provincial De Zamora,0,General,Autonomous Community,41.5119109450001,-5.72882630999993
49021,Hospital De Benavente,0,General,Autonomous Community,42.0042185190001,-5.67704002099993
49275,Complejo Asistencial De Zamora,540,General,Autonomous Community,41.51651594,-5.72912216299994
49275,Hospital Recoletas De Zamora,44,General,Private Non-Profit,41.5168182400001,-5.74636531399995
50297,Hospital Clínico Universitario Lozano Blesa,807,General,Social Security,41.6432785490001,-0.903354246999925
50297,Hospital Universitario Miguel Servet,1213,General,Social Security,41.6346358050001,-0.899733539999943
50297,Hospital Royo Villanova,254,General,Autonomous Community,41.6922911460001,-0.860759048999967
50297,Centro De Rehabilitacion Psicosocial Nuestra Señora Del Pilar,172,Psychiatric,Autonomous Community,41.647196007,-0.909181559999979
50297,Hospital  Nuestra Señora De Gracia,151,General,Autonomous Community,41.652139017,-0.887560558999951
50297,Hospital Maz,107,General,Matep,41.6836227040001,-0.870724203999941
50297,"Clínica Montpelier Grupo Hla, S.A.U",90,General,Private Non-Profit,41.6359550010001,-0.912675749999948
50297,Centro Neuropsiquiátrico Nuestra Señora Del Carmen,277,Psychiatric,Private Non-Profit (Church),41.6770260280001,-0.985808886999962
50297,Hospital San Juan De Dios,184,Geriatrics and/or long-term care,Private Non-Profit (Church),41.6337314450001,-0.888077791999933
50297,Hospital Quironsalud Zaragoza,104,General,Private Non-Profit,41.6366749900001,-0.894323457999974
50297,Clínica Nuestra Señora Del Pilar,34,General,Private Non-Profit,41.637113948,-0.888723742999957
50297,Hospital General De La Defensa De Zaragoza,200,General,Ministry of Defense,41.6309951110001,-0.905766574999973
50067,Hospital Ernest Lluch Martin,122,General,Social Security,41.3358791260001,-1.64593853599996
50230,Unidad De Rehabilitacion De Larga Estancia,45,Psychiatric,Autonomous Community,42.2857116530001,-1.27441607499998
50297,Unidad Rehabilitadora De Media Estancia Profesor Rey Ardid,39,Psychiatric,Autonomous Community,41.688879661,-0.888974665999967
50297,Hospital De Rehabilitacion Psiquiatrica Prisma,50,Psychiatric,Private Non-Profit,41.71144945,-0.841289999999958
50095,Centro Sanitario Cinco Villas,32,Other purpose,Autonomous Community,42.126720984,-1.12529001499996
50297,Hospital Viamed Montecanal,68,General,Private Non-Profit,41.6390417920001,-0.948738132999949
51001,Hospital Universitario De Ceuta,252,General,Social Security,35.8803320660001,-5.34185299799998
52001,Hospital Comarcal,168,General,Social Security,35.286307558,-2.94735452999993
